Bref_ID,Sref_Cbb_ID
abdelal01,alaa-abdelnaby-1
abdulza01,
abdulka01,kareem-abdul-jabbar-1
abdulma02,mahmoud-abdul-rauf-1
abdulta01,
abdursh01,shareef-abdur-rahim-1
abernto01,tom-abernethy-1
ablefo01,
abramjo01,
abrinal01,
ackeral01,alex-acker-1
ackerdo01,
acresma01,mark-acres-1
actonbu01,
acyqu01,quincy-acy-1
adamsal01,alvan-adams-1
adamsdo01,
adamsge01,
adamsha01,hassan-adams-1
adamsjo01,jordan-adams-1
adamsmi01,michael-adams-1
adamsst01,steven-adams-1
addisra01,rafael-addison-1
adelmri01,
adrieje01,jeff-adrien-1
afflaar01,arron-afflalo-1
agerma01,maurice-ager-1
aguirma01,mark-aguirre-1
ahearbl01,blake-ahearn-1
aingeda01,danny-ainge-1
aitchma01,
ajincal01,
akinhe01,
akognjo01,josh-akognon-1
alabiso01,solomon-alabi-1
alarima01,mark-alarie-1
alcorga01,
aldemfu01,
aldrico01,cole-aldrich-1
aldrila01,lamarcus-aldridge-1
aleksch01,chuck-aleksinas-1
alexacl01,cliff-alexander-1
alexaco01,cory-alexander-1
alexaco02,courtney-alexander-1
alexaga01,
alexajo01,joe-alexander-1
alexavi01,victor-alexander-1
alforst01,steve-alford-1
allenbi01,
allenbo01,
allenje01,jerome-allen-1
allenla01,lavoy-allen-1
allenlu01,
allenma01,malik-allen-1
allenra01,randy-allen-1
allenra02,ray-allen-1
allento01,tony-allen-1
allenwi01,
allisod01,
allrela01,lance-allred-1
allumda01,darrell-allums-1
almonmo01,morris-almond-1
alstode01,derrick-alston-1
alstora01,rafer-alston-1
alumape01,peter-aluma-1
amaecjo01,john-amaechi-1
amayaas01,ashraf-amaya-1
aminual01,al-farouq-aminu-1
amundlo01,louis-amundson-1
anderbo01,
anderch01,
anderda03,
anderal01,alan-anderson-1
anderan01,
anderan02,antonio-anderson-1
andercl01,
anderda01,
anderda02,
anderde01,derek-anderson-1
anderdw01,dwight-anderson-1
anderer01,eric-anderson-1
andergr01,greg-anderson-1
anderjj01,jj-anderson-1
anderja01,james-anderson-3
anderje01,
anderju01,justin-anderson-1
anderke01,kenny-anderson-1
anderki01,
anderky01,kyle-anderson-3
andermi01,michael-anderson-1
anderni01,nick-anderson-1
anderri01,richard-anderson-1
anderro01,ron-anderson-1
anderry01,ryan-anderson-1
andersh01,shandon-anderson-1
anderwi01,willie-anderson-1
anderwa01,
andrima01,
anieldo01,
anslemi01,michael-ansley-1
anstech01,
antetgi01,
antetth01,
anthoca01,carmelo-anthony-1
anthogr01,greg-anthony-1
anthojo01,joel-anthony-1
anticpe01,
applike01,keith-appling-1
araujra01,rafael-araujo-1
arcenst01,
archiro01,robert-archibald-1
architi01,tiny-archibald-1
ardji01,
arenagi01,gilbert-arenas-1
arizatr01,trevor-ariza-1
arizipa01,paul-arizin-1
arlaujo01,joe-arlauckas-1
armstbj01,bj-armstrong-1
armstbo01,
armstbr01,brandon-armstrong-1
armstcu01,
armstda01,
armsthi01,hilton-armstrong-1
armstta01,
arnelje01,
arnetja01,
arnzebo01,
arroyca01,
arthuda01,darrell-arthur-1
arthujo01,
asikom01,
askewvi01,vincent-askew-1
askinke01,keith-askins-1
asmondo01,
athadi01,
atkinch01,chucky-atkins-1
attleal01,
aubucch01,
augmost01,stacey-augmon-1
augusdj01,dj-augustin-1
augusja01,james-augustine-1
austiis01,isaac-austin-1
austijo01,
austike01,ken-austin-1
aventan01,anthony-avent-1
averibi01,
averywi01,william-avery-1
awtrede01,dennis-awtrey-1
ayongu01,
pendeje02,jeff-pendergraph-1
azubuke01,kelenna-azubuike-1
babbch01,chris-babb-1
babbilu01,luke-babbitt-1
babicmi01,milos-babic-1
bachjo01,
baconhe01,
baechji01,
bagarda01,
baglejo01,john-bagley-1
baileca01,
bailegu01,gus-bailey-1
baileja01,james-bailey-1
baileth01,thurl-bailey-1
baileto01,toby-bailey-1
bairsca01,cameron-bairstow-1
bakerji01,
bakerla01,lamark-baker-1
bakerma01,maurice-baker-1
bakerno01,
bakerro01,ron-baker-1
bakervi01,vin-baker-1
baldwwa01,wade-baldwin-1
balkmre01,renaldo-balkman-1
ballce01,cedric-ball-1
ballagr01,greg-ballard-1
baltihe01,
banksge01,gene-banks-1
banksma01,marcus-banks-1
bankswa01,
bannike01,
bantomi01,mike-bantom-1
barbejo01,
barbole01,
bardost01,steve-bardo-1
bareajo01,jose-barea-1
bargnan01,
barkecl01,
barketo01,
barklch01,charles-barkley-1
barkler01,erick-barkley-1
barksdo01,
barneha02,harrison-barnes-1
barneha01,
barneji01,
barnema01,marvin-barnes-1
barnema02,matt-barnes-1
barnedi01,
barneji02,
barnena01,
barnhjo01,
barnhno01,
barnhle01,
barrjo01,
barrmi01,
barrmo01,
barrean01,andre-barrett-1
barreer01,
barremi01,
barroea01,earl-barron-1
barroda01,dana-barros-1
barrybr01,brent-barry-1
barrydr01,drew-barry-1
barryjo01,jon-barry-1
barryri01,rick-barry-1
barteed01,
bartovi01,
bartowi01,will-barton-1
basdeed01,eddie-basden-1
baskeje01,
bassbr01,brandon-bass-1
basseti01,tim-bassett-1
bastoma01,maceo-baston-1
bateeme01,
batesbi01,
batises01,
batismi01,mike-batiste-1
battito01,tony-battie-1
battish01,shane-battier-1
battljo01,john-battle-1
battlke01,kenny-battle-1
battoda01,dave-batton-1
battsll01,
batumni01,
baumjo01,
baumhfr01,
baxtelo01,lonny-baxter-1
bayleje01,jerryd-bayless-1
bayloel01,elgin-baylor-1
bayneho01,
baynear01,aron-baynes-1
bazarse01,
bazemke01,kent-bazemore-1
beached01,
bealbr01,bradley-beal-1
beardal01,
beardbu01,
beardra01,
beaslch01,
beaslje01,
beasljo01,
beaslma01,malik-beasley-1
beaslmi01,michael-beasley-1
beatyze01,
beaubro01,
beckby01,
beckco01,corey-beck-1
becker01,
beckear01,
beckemo01,
bedelbo01,
bedfowi01,william-bedford-1
beendha01,
behagro01,ron-behagen-1
behnkel01,
belinma01,
bellch01,charlie-bell-1
bellde01,
bellra01,
belltr01,troy-bell-1
bellwh01,
bellawa01,walt-bellamy-1
bembrde01,deandre-bembry-1
bemorir01,
benbole01,
bendedr01,
bendejo01,
benimje01,jerrelle-benimon-1
benjabe01,benoit-benjamin-1
benjaco01,corey-benjamin-1
bennean01,anthony-bennett-1
benneel01,elmer-bennett-1
bennema01,mario-bennett-1
benneme01,mel-bennett-1
bennesp01,
benneto01,
bennewi01,winston-bennett-1
benoida01,david-benoit-1
bensoke02,keith-benson-1
bensoke01,kent-benson-1
bentibe01,ben-bentil-1
bercege01,
bergega01,
berghla01,
berryri01,
berrywa01,walter-berry-1
bertada01,
beshode01,
besttr01,travis-best-1
beverpa01,patrick-beverley-1
bhullsi01,sim-bhullar-1
bialowe01,
biancal01,
biasaha01,
bibbyhe01,henry-bibby-1
bibbymi01,mike-bibby-1
biedeed01,
biedran01,
bielkdo01,
bigelbo01,
billili01,
billuch01,chauncey-billups-1
bingda01,dave-bing-1
biniojo01,joe-binion-1
birdje01,
birdla01,larry-bird-1
birdsot01,otis-birdsong-1
bishoga01,
biyombi01,
bjeline01,
blabuw01,uwe-blab-1
blackch01,
blackno01,norman-black-1
blackta01,tarik-black-1
blackto01,
blackro01,rolando-blackman-1
blackal01,alex-blackwell-1
blackco01,cory-blackwell-1
blackja01,james-blackwell-1
blackna01,nate-blackwell-1
blairde01,dejuan-blair-1
blakest01,steve-blake-1
blalowi01,will-blalock-1
blanege01,
blankla01,lance-blanks-1
blantri01,ricky-blanton-1
blatcan01,
blaylmo01,mookie-blaylock-1
bledser01,eric-bledsoe-1
blevile01,
blockjo01,
bloommi01,
blounco01,
blounma01,mark-blount-1
blueva01,vander-blue-1
blumera01,ray-blume-1
bobbne01,
bobbito01,tony-bobbitt-1
bockhbu01,
boerwto01,
boganke01,keith-bogans-1
bogdabo02,
boguemu01,muggsy-bogues-1
bogutan01,andrew-bogut-1
bohanet01,
bolma01,
bolgebi01,
bolomjo01,joel-bolomboy-1
bolstdo01,
bonsage01,
bondph01,
bondwa01,walter-bond-1
boneyde01,dexter-boney-1
bonharo01,
bonnean01,anthony-bonner-1
bonnema01,matt-bonner-1
bookebu01,
bookede01,devin-booker-2
bookeme01,melvin-booker-1
booketr01,trevor-booker-1
boonejo01,josh-boone-1
boonero01,ron-boone-1
boothca01,calvin-booth-1
boothke01,keith-booth-1
boozebo01,
boozeca01,carlos-boozer-1
borchcu01,curtis-borchardt-1
bornhja01,
borrela01,
borsaik01,
borylvi01,
boshch01,chris-bosh-1
bostiji01,
bostola01,lawrence-boston-1
bosweto01,tom-boswell-1
boumtru01,ruben-boumtje-boumtje-1
bovendo01,
bowdlca01,cal-bowdler-1
bowenbr01,bruce-bowen-1
bowenry01,ryan-bowen-1
bowento01,
bowiean01,anthony-bowie-1
bowiesa01,sam-bowie-1
bowlior01,
bowmair01,ira-bowman-1
bowmana01,
boycedo01,donnie-boyce-1
boydde01,
boydfr01,
boydke01,
boykiea01,earl-boykins-1
boykoha01,
boynewi01,winford-boynes-1
bozemce01,cedric-bozeman-1
bracest01,
brackcr01,craig-brackins-1
braddga01,
bradlal02,alex-bradley-1
bradlal01,
bradlav01,avery-bradley-1
bradlbi02,
bradlbi01,
bradlch01,charles-bradley-1
bradldu01,dudley-bradley-1
bradlji01,
bradljo01,
bradlmi01,michael-bradley-1
bradlsh01,shawn-bradley-1
bradtma01,
braggma01,marques-bragg-1
braggto01,torraye-braggs-1
bramlaj01,aj-bramlett-1
brancad01,adrian-branch-1
brandel01,elton-brand-1
brandte01,terrell-brandon-1
brannbo01,
bransbr01,brad-branson-1
bransje01,
brascji01,
bratzmi01,mike-bratz-1
braunca01,
breauti01,tim-breaux-1
bremejr01,jr-bremer-1
brennpe01,
brennto01,
breuera01,randy-breuer-1
breweco01,corey-brewer-1
breweja01,jamison-brewer-1
breweji01,jim-brewer-1
brewero01,ron-brewer-1
brewero02,ronnie-brewer-1
brezepr01,
brianfr01,frankie-brian-1
brickfr01,frank-brickowski-1
bridgju01,junior-bridgeman-1
bridgbi01,bill-bridges-1
brighal01,
brindau01,
briskjo01,
bristal01,allan-bristow-1
brittty01,
brittwa01,
brittmi01,mike-brittain-1
brittda01,dave-britton-1
brockjo01,jon-brockman-1
brogaji01,
brogdma01,malcolm-brogdon-1
brokaga01,
brookpr01,
brookcl01,
brookaa01,aaron-brooks-1
brookke01,
brookma01,marshon-brooks-1
brookmi01,
brooksc01,scott-brooks-1
brownan01,andre-brown-1
brownan02,anthony-brown-5
brownbo01,
brownbo02,bobby-brown-1
brownch01,chucky-brown-1
brownda02,damone-brown-1
brownda01,
brownde01,dee-brown-1
brownde03,dee-brown-2
brownde04,derrick-brown-1
brownde02,devin-brown-1
browner01,
brownfr01,fred-brown-1
brownge01,
brownge02,gerald-brown-2
brownha01,
brownja01,jabari-brown-1
brownja02,jaylen-brown-1
brownjo01,john-brown-1
brownke01,
brownkw01,
brownla01,
brownle01,
brownle02,lewis-brown-1
brownlo01,lorenzo-brown-1
brownma01,marcus-brown-1
brownma02,markel-brown-1
brownmi01,mike-brown-1
brownmy01,
brownpj01,pj-brown-1
brownra02,randy-brown-1
brownra01,raymond-brown-1
brownri01,rickey-brown-1
brownro01,
brownro02,roger-brown-1
brownsh01,shannon-brown-1
brownst01,
brownti01,tierre-brown-1
brownto01,tony-brown-1
brownji01,
brundst01,stanley-brundy-1
brunkbr01,
brunsge01,
brunsri01,rick-brunson-1
brussni01,
bryanem01,
bryanjo01,joe-bryant-1
bryanko01,
bryanma01,mark-bryant-1
bryanwa01,wallace-bryant-1
brynto01,
buccige01,
buckhjo01,
bucknst01,steve-bucknall-1
buckncl01,
buckngr01,greg-buckner-1
bucknqu01,quinn-buckner-1
buddda01,
budinch01,chase-budinger-1
budkowa01,
buechju01,jud-buechler-1
buforro01,rodney-buford-1
bullama01,matt-bullard-1
bullore01,reggie-bullock-2
buncela01,
bunchgr01,
buntdi01,
buntibi01,
buntibi02,
burdeti01,
burkepa01,pat-burke-1
burketr01,trey-burke-1
burkmro01,roger-burkman-1
burksal01,alec-burks-1
burksan01,antonio-burks-1
burleke01,kevin-burleson-1
burleto01,tom-burleson-1
burmaja01,
burnsda01,david-burns-1
burnsev01,evers-burns-1
burnsji01,
burresc01,scott-burrell-1
burriar01,
burroju01,junior-burrough-1
burrobo01,
burtoed01,
burtowi01,willie-burton-1
burttst01,steve-burtt-1
busedo01,
bustida01,
butchdo01,
butleal01,
butleca01,caron-butler-1
butlegr01,greg-butler-1
butleja01,
butleji01,jimmy-butler-1
butlemi01,
butlemi02,mitchell-butler-1
butlera01,rasual-butler-1
buyckdw01,dwight-buycks-1
byarsde01,derrick-byars-1
bynuman01,
bynumwi01,will-bynum-1
byrdwa01,
byrnema01,marty-byrnes-1
byrneto01,
bytzumi01,
cabarza01,
cableba01,
cabocbr01,
caffeja01,jason-caffey-1
cagemi01,michael-cage-1
calabge01,
calatni01,nick-calathes-1
caldejo01,jose-manuel-calderon-1
caldwad01,adrian-caldwell-1
caldwji01,
caldwjo01,
caldwke01,kentavious-caldwell-pope-1
calhobi01,
calhoco01,corky-calhoun-1
calipde01,demetrius-calip-1
callato01,
callori01,rick-calloway-1
calveer01,
calvima01,mack-calvin-1
cambrde01,dexter-cambridge-1
cambyma01,marcus-camby-1
campbel01,elden-campbell-1
campbto01,tony-campbell-1
canaais01,isaiah-canaan-1
cannola01,
capelca01,
caracde01,derrick-caracter-1
cardfr01,
cardibr01,brian-cardinal-1
carlho01,
carlich01,
carlige01,geno-carlisle-1
carliri01,rick-carlisle-1
carlodo01,
carlsal01,
carlsdo01,
carnebo01,
carnero01,rodney-carney-1
carpebo01,
carran01,antoine-carr-1
carrau01,austin-carr-1
carrch01,chris-carr-1
carrco01,cory-carr-1
carrke01,kenny-carr-1
carrml01,
carrida01,
carribo01,bob-carrington-1
carrode01,demarre-carroll-1
carrojo01,joe-barry-carroll-1
carroma01,matt-carroll-1
carruji01,jimmy-carruth-1
cartean01,anthony-carter-1
cartebu01,butch-carter-1
cartefr01,
cartege01,
carteho01,howard-carter-1
carteja01,
cartema01,maurice-carter-1
cartere01,reggie-carter-1
cartero01,ron-carter-1
cartevi01,vince-carter-1
cartemi01,michael-carter-williams-1
cartwbi01,bill-cartwright-1
cartyja01,
cashco01,
cashsa01,
cassesa01,sam-cassell-1
casspom01,
catchha01,
catlete01,terry-catledge-1
catlesi01,
catoke01,kelvin-cato-1
cattabo01,bobby-cattage-1
caulewi01,willie-cauley-stein-1
causwdu01,duane-causwell-1
cavenro01,ron-cavenall-1
cebalce01,cedric-ceballos-1
celesjo01,john-celestand-1
cervial01,
chalmli01,lionel-chalmers-1
chalmma01,mario-chalmers-1
chambbi01,
chambwi01,wilt-chamberlain-1
chambje01,
chambto01,tom-chambers-1
champmi01,mike-champion-1
chandty01,
chandwi01,wilson-chandler-1
chanedo01,don-chaney-1
chanejo01,
chapmre01,rex-chapman-1
chapmwa01,
chapple01,
charlke01,
charllo01,lorenzo-charles-1
cheanca01,calbert-cheaney-1
cheekma01,maurice-cheeks-1
cheniph01,phil-chenier-1
cherrwi01,will-cherry-1
chievde01,derrick-chievous-1
chilcpe01,pete-chilcutt-1
childjo01,josh-childress-1
childra01,randolph-childress-1
childch01,chris-childs-1
chollle01,
choneji01,jim-chones-1
chrisma01,marquese-chriss-1
chrisfr01,
chrisca01,
chrisbo01,
chrisdo01,doug-christie-1
chrisdi01,dionte-christmas-1
chrisra01,rakeem-christmas-1
chrisse01,semaj-christon-1
chrispa01,patrick-christopher-1
chubist01,
churcro01,robert-churchwell-1
clarkar01,
clarkca01,carlos-clark-1
clarkea01,earl-clark-1
clarkia01,ian-clark-1
clarkke01,keon-clark-1
clarkri01,
clarkco01,coty-clarke-1
clarkjo01,jordan-clarkson-1
clavevi01,
clawsjo01,
claxtch01,charles-claxton-1
claxtsp01,speedy-claxton-1
cleamji01,jim-cleamons-1
cleavma01,mateen-cleaves-1
clemeba01,
cliftna01,
clossbi01,
closske01,keith-closs-1
cloydpa01,
cluggbo01,
clydebe01,
cofferi01,richard-coffey-1
cofiefr01,fred-cofield-1
cokerjo01,john-coker-1
coleno01,norris-cole-1
colembe01,ben-coleman-1
colemde01,derrick-coleman-1
colemec01,
colemja01,
colemno01,norris-coleman-1
colesbi01,bimbo-coles-1
collija02,jason-collier-1
colliar01,
collido02,don-collins-1
collido01,doug-collins-1
collija01,james-collins-1
collija03,jarron-collins-1
collija04,jason-collins-1
colliji01,
collima01,mardy-collins-1
collish01,sherron-collins-1
collida01,darren-collison-1
collini01,nick-collison-1
colonjo01,
colsose01,sean-colson-1
coltest01,steve-colter-1
combsgl01,
combsle01,leroy-combs-1
comeajo01,
comegda01,dallas-comegys-1
comlela01,
congdje01,
conlege01,gene-conley-1
conlela01,
conlemi01,mike-conley-1
conlied01,
conloma01,marty-conlon-1
connapa01,pat-connaughton-1
conneji01,
connele01,lester-conner-1
connoch01,
conrowi01,will-conroy-1
cookan01,anthony-cook-1
cookbe01,
cookbo01,
cookbr01,brian-cook-1
cookda02,daequan-cook-1
cookda01,darwin-cook-1
cookje01,jeff-cook-1
cookno01,
cookom01,omar-cook-1
cookqu01,quinn-cook-1
cookeda01,david-cooke-1
cookejo01,
cooleja01,jack-cooley-1
coopech01,
coopedu01,duane-cooper-1
coopejo01,joe-cooper-1
coopemi01,michael-cooper-1
coopewa01,wayne-cooper-1
copato01,tom-copa-1
copelch01,chris-copeland-1
copelho01,hollis-copeland-1
copella01,lanard-copeland-1
corbity01,tyrone-corbin-1
corchch01,chris-corchiani-1
corleke01,
corlera01,
corzida01,dave-corzine-1
costela01,larry-costello-1
cottobr01,bryce-cotton-1
cottoja01,
cottoja02,james-cotton-2
coughjo01,john-coughran-1
countme01,
courtst01,
courtjo01,joe-courtney-1
cousima01,marcus-cousin-1
couside01,demarcus-cousins-1
cousybo01,bob-cousy-1
covinro01,robert-covington-1
cowenda01,dave-cowens-1
coxch01,chubby-cox-1
coxjo01,
coxwe01,
crabbal01,allen-crabbe-1
crawfch01,chris-crawford-1
crawffr01,
crawfja01,jamal-crawford-1
crawfjo01,joe-crawford-1
crawfjo02,jordan-crawford-1
creigji01,
creviro01,ron-crevier-1
crislha01,
crispjo01,joe-crispin-1
crissch01,charlie-criss-1
critcru01,
critewi01,winston-crite-1
crittja01,javaris-crittenton-1
crockdi01,
croftbo01,
crompge01,geoff-crompton-1
crosbte01,terry-crosby-1
croshau01,austin-croshere-1
crossje01,jeff-cross-1
crosspe01,
crossru01,russell-cross-1
crossch01,
crottjo01,john-crotty-1
crowbi01,
crowma01,
crowdco01,
crowdja01,jae-crowder-1
cuetoal01,
cummipa01,pat-cummings-1
cummite01,terry-cummings-1
cummivo01,vonteego-cummings-1
cunnibi01,billy-cunningham-1
cunnida01,dante-cunningham-1
cunnidi01,
cunnija01,jared-cunningham-2
cunniwi01,william-cunningham-1
curcira01,
curear01,
curetea01,
curlebi01,bill-curley-1
currafr01,
curryde01,dell-curry-1
curryed01,
curryja01,jameson-curry-1
currymi01,michael-curry-1
curryse01,seth-curry-1
curryst01,stephen-curry-1
cvetkra01,
dantomi01,
dabicmi01,
dahleed01,
dailequ01,
dalemsa01,samuel-dalembert-1
dallmho01,
dampier01,erick-dampier-1
dampilo01,
dandrbo01,
daniean01,antonio-daniels-1
danieer01,erik-daniels-1
daniell01,
daniema01,marquis-daniels-1
danieme01,mel-daniels-1
danietr01,troy-daniels-1
danilsa01,
dantlad01,adrian-dantley-1
darcepe01,
dardeji01,
dardeol01,
dareyi01,yinka-dare-1
darkje01,
darneri01,
darroji01,
datomlu01,
daughbr01,brad-daugherty-1
daughma01,
davidko01,
davidje01,jermareo-davidson-1
daviebo01,bob-davies-1
daviebr01,brandon-davies-1
davisan02,anthony-davis-5
davisan01,antonio-davis-1
davisau01,
davisba01,baron-davis-1
davisbe01,ben-davis-1
davisbi01,
davisbo01,
davisbr01,brad-davis-1
davisbr02,brian-davis-1
davisch02,charles-davis-1
davisch01,
davisda01,dale-davis-1
davisde01,deyonta-davis-1
davisdw01,
davised01,ed-davis-1
davisem01,emanual-davis-1
davisgl01,glen-davis-1
davisha01,harry-davis-1
davishu01,hubert-davis-1
davisji01,
davisjo01,johnny-davis-1
davisjo02,josh-davis-1
davisle01,
davisma01,mark-davis-1
davisma02,mark-davis-2
davisme01,
davismi02,
davismi01,
davismi03,mike-davis-1
davismo01,monti-davis-1
davispa01,paul-davis-1
davisra01,
davisre01,
davisri01,ricky-davis-1
davisro01,ron-davis-1
daviste01,
daviswa01,
daviswa03,walter-davis-2
daviswa02,
daviswi01,
dawkian01,andre-dawkins-1
dawkida01,
dawkijo01,johnny-dawkins-1
dawkipa01,paul-dawkins-1
dawsobr01,branden-dawson-1
dawsoer01,
dawsoji01,
dawsoto01,tony-dawson-1
dayto01,todd-day-1
dayeau01,austin-daye-1
dayeda01,darren-daye-1
decolna01,
deanegr01,greg-deane-1
deangbi01,
debusda01,dave-debusschere-1
declean01,andrew-declercq-1
dedmode01,dewayne-dedmon-1
deedo01,
deesar01,
deherte01,terry-dehere-1
dehnere01,
dejeabr01,bryce-jones-1
dekkesa01,sam-dekker-1
delnevi01,vinny-del-negro-1
delanma01,malcolm-delaney-1
delebi01,bison-dele-1
delfica01,
delkto01,tony-delk-1
dellama01,matthew-dellavedova-1
delonna01,
dembofe01,fennis-dembo-1
demicla01,larry-demic-1
dempsde01,dell-demps-1
dempsge01,
denglu01,luol-deng-1
dennake01,kenny-dennard-1
dennibl01,
dentmju01,justin-dentmon-1
dentora01,
deprejo01,
derliro01,
derozde01,demar-derozan-1
deutsda01,
devlico01,
dezonha01,
dialde01,derrick-dial-1
diallch01,cheick-diallo-1
diawbo01,
diawaya01,yakhouba-diawara-1
diazgu01,guillermo-diaz-1
dickada01,dan-dickau-1
dickeka01,kaniel-dickens-1
dickehe01,
dickemi01,michael-dickerson-1
dickecl01,
dickede01,
dickedi01,
dicksjo01,
dienetr01,travis-diener-1
dienggo01,gorgui-dieng-1
dierkco01,
dietrco01,
digreer01,
dillcr01,
dilladw01,
dillami01,mickey-dillard-1
dillebo01,
dilloho01,
dinkiby01,byron-dinkins-1
dinkija01,
dinneha01,
dinwibi01,
dinwisp01,spencer-dinwiddie-1
dioguik01,ike-diogu-1
diopde01,
dischte01,
diutefr01,
divacvl01,
dixonju01,juan-dixon-1
djordal01,
doddea01,
doleami01,michael-doleac-1
dolhojo01,
dollbo01,
donalja01,james-donaldson-1
donhabo01,
donovbi01,billy-donovan-1
donovha01,
doolike01,keyon-dooling-1
dorseja01,jacky-dorsey-1
dorsejo01,joey-dorsey-1
dorsero01,
doubyqu01,quincy-douby-1
douglbr01,bruce-douglas-1
dougljo01,john-douglas-1
douglle01,leon-douglas-1
douglsh01,sherman-douglas-1
douglto01,toney-douglas-1
douglch01,chris-douglas-roberts-1
doveso01,
doverje01,
dowdeza01,zabian-dowdell-1
downebi01,
downist01,
doyleda01,
doziete01,terry-dozier-1
dragigo01,
dragizo01,
dreilgr01,greg-dreiling-1
drewbr01,bryce-drew-1
drewjo01,
drewla01,larry-drew-1
drewla02,larry-drew-2
drexlcl01,clyde-drexler-1
driggna01,
driscte01,
drobnpr01,
drollra01,ralph-drollinger-1
drumman01,andre-drummond-1
duckedi01,
duckwke01,kevin-duckworth-1
dudlech01,
dudlech02,chris-dudley-1
dudleja01,jared-dudley-1
duerote01,
duffybo01,
duffybo02,
duhonch01,chris-duhon-1
dukandu01,duje-dukan-1
dukeswa01,
dumarjo01,joe-dumars-1
dumasri01,
dumasri02,richard-dumas-1
dumasto01,tony-dumas-1
duncaan01,
duncati01,tim-duncan-1
dunlemi01,mike-dunleavy-1
dunlemi02,mike-dunleavy-2
dunnkr01,kris-dunn-1
dunnpa01,
dunntr01,tr-dunn-1
duprero01,ronald-dupree-1
duranke01,kevin-durant-1
durenjo01,john-duren-1
durhaja01,
durhapa01,pat-durham-1
durrade01,devin-durrant-1
durreke01,
duvalde01,
dwanja01,
dykemcr01,craig-dykema-1
dykerge01,
dysonje01,jerome-dyson-1
eacklle01,ledell-eackles-1
eakinji01,
earlac01,acie-earl-1
earleed01,
earlycl01,cleanthony-early-1
earlype01,
eatonma01,mark-eaton-1
eavesje01,jerry-eaves-1
ebankde01,devin-ebanks-1
ebbenbi01,
eberhal01,
ebind01,
ebronro01,
eddieja01,jarell-eddie-1
eddiepa01,patrick-eddie-1
eddledi01,
edelike01,kenton-edelin-1
edgech01,
edmonbo01,
edmonke01,keith-edmonson-1
edneyty01,tyus-edney-1
edwarbi01,bill-edwards-1
edwarbl01,blue-edwards-1
edwarco01,corsley-edwards-1
edwardo01,doug-edwards-1
edwarfr01,franklin-edwards-1
edwarja01,james-edwards-1
edwarja02,jay-edwards-1
edwarjo01,john-edwards-1
edwarke01,kevin-edwards-1
edwarsh01,shane-edwards-1
eganjo01,
egglelo01,
ehlerbu01,
ehlocr01,craig-ehlo-1
eichhdi01,
eisleho01,howard-eisley-1
ekeziob01,obinna-ekezie-1
elamikh01,khalid-el-amin-1
eliasdo01,
eliema01,
ellefra01,
ellenhe01,henry-ellenson-1
ellinwa01,wayne-ellington-1
elliobo01,bob-elliott-1
elliose01,sean-elliott-1
ellisbo02,bo-ellis-2
ellisbo01,
ellisda01,dale-ellis-1
ellisha01,
ellisjo01,
ellisla01,laphonso-ellis-1
ellisle02,leron-ellis-1
ellisle01,
ellismo01,
ellispe01,pervis-ellison-1
elmorle01,len-elmore-1
elsonfr01,francisco-elson-1
elstoda01,
elyme01,melvin-ely-1
embiijo01,joel-embiid-1
embrywa01,
emmetan01,andre-emmett-1
endrene01,
englech01,chris-engler-1
englewa01,wayne-englestad-1
engliaj01,
englial01,alex-english-1
englicl01,
englijo01,jo-jo-english-1
engliki01,kim-english-1
englisc01,
engluge01,
ennisja01,
ennisty01,tyler-ennis-1
eppsra01,
erdense01,
eriasbo01,
erickke01,
ervinju01,julius-erving-1
eschmev01,evan-eschmeyer-1
eskrija01,
esposvi01,
evansbi01,
evansbo01,
evansbr01,brian-evans-1
evansea01,earl-evans-1
evansje01,jeremy-evans-1
evansma01,maurice-evans-1
evansmi01,mike-evans-1
evansre01,reggie-evans-1
evansty01,tyreke-evans-1
ewingda01,daniel-ewing-1
ewingpa01,patrick-ewing-1
ewingpa02,pat-ewing-1
exumda01,
eyengch01,
ezelife01,festus-ezeli-1
ezersjo01,
fabeljo01,
faircjo01,
farbmph01,
farieke01,kenneth-faried-1
farledi01,
farmajo01,jordan-farmar-1
farmede01,desmon-farmer-1
farmeji01,jim-farmer-1
farmemi01,
farmeto01,tony-farmer-1
faughbo01,
favervi01,
favorde01,derrick-favors-1
fazekni01,nick-fazekas-1
fedorda01,
feeribo01,
feherbu01,
feickja01,jamie-feick-1
feierro01,
feigege01,
feitlda01,dave-feitl-1
feldeka01,kahlil-felder-1
feliccr01,
felixca01,carrick-felix-1
felixno01,noel-felix-1
felixra01,
feltora01,raymond-felton-1
fendlja01,
fenlewa01,
fergude01,
fernaru01,rudy-fernandez-1
fernser01,eric-fernsten-1
ferraal01,
ferrero01,rolando-ferreira-1
ferredu01,duane-ferrell-1
ferreyo01,kevin-ferrell-1
ferriar01,
ferrybo01,
ferryda01,danny-ferry-1
fesenky01,
fieldbo01,
fieldke01,kenny-fields-1
fieldla01,landry-fields-1
filipro01,
fillmgr01,
finchla01,
finkeha01,
finlemi01,michael-finley-1
finnda01,
finnedo01,dorian-finney-smith-1
fishma01,matt-fish-1
fishede01,derek-fisher-1
fisheri01,
fitchge01,gerald-fitch-1
fitzgbo01,
fitzgdi01,
fizerma01,marcus-fizer-1
fleisje01,
flemial01,
flemied01,
flemive01,vern-fleming-1
florelu01,luis-flores-1
flowebr01,bruce-flowers-1
floydsl01,sleepy-floyd-1
flynnjo01,jonny-flynn-1
flynnmi01,
foglela01,
foleyja01,
fontais01,isaac-fontaine-1
fontale01,
footeje01,jeff-foote-1
forbebr01,bryn-forbes-1
forbega01,gary-forbes-1
fordal01,alphonso-ford-1
fordal02,alton-ford-1
fordbo01,
fordch01,chris-ford-1
forddo01,don-ford-1
fordja01,
fordph01,phil-ford-1
fordsh02,sharrod-ford-1
fordsh01,sherell-ford-1
fordtj01,tj-ford-1
formado01,
forreba01,
fortejo01,joseph-forte-1
fortsco01,courtney-fortson-1
fortsda01,danny-fortson-1
fostefr01,
fostegr01,greg-foster-1
fosteje01,
fosteja01,
fostero01,rod-foster-1
fotsian01,
fournev01,
foustla01,larry-foust-1
fowleca01,cal-fowler-1
fowleje01,
fowlktr01,tremaine-fowlkes-1
foxha01,
foxji01,
foxri01,rick-fox-1
foyera01,randy-foye-1
foylead01,adonal-foyle-1
frahmri01,richie-frahm-1
francst01,steve-francis-1
frankte01,tellis-frank-1
frankna01,
frankja01,jamaal-franklin-1
frankwi01,
franzro01,
fraziti01,tim-frazier-1
fraziwa01,walt-frazier-1
fraziwi01,
fredean01,anthony-frederick-1
fredeji01,jimmer-fredette-1
freewo01,
freeljo01,
freemdo01,
freemga01,
freemro01,
freijma01,matt-freije-1
freyfr01,
frienla01,
frinkpa01,
fritsji01,
fryech01,channing-frye-1
fryerbe01,
fucarfr01,
fuetshe01,
fulksjo01,
fulleca01,
fullehi01,hiram-fuller-1
fulleto02,todd-fuller-1
fulleto01,tony-fuller-1
fundela01,lawrence-funderburke-1
furlote01,terry-furlow-1
gaborbi01,
gadzuda01,dan-gadzuric-1
gaide01,deng-gai-1
gaineel01,
gainebi01,
gaineco01,corey-gaines-1
gaineda01,
gainere01,reece-gaines-1
gainesu01,sundiata-gaines-1
galemi01,
gallach01,chad-gallagher-1
gallaha01,
gallida01,
gallola01,langston-galloway-1
gambeda01,
gamblke01,kevin-gamble-1
ganttbo01,
garbajo01,
garceru01,ruben-garces-1
garcial01,
garcifr01,francisco-garcia-1
gardnch01,
gardnea01,
gardnke01,
gardnth01,thomas-gardner-1
gardnve01,
garfija01,
garinpa01,patricio-garino-1
garlaga01,gary-garland-1
garlawi01,
garmadi01,
garnebi01,
garnech01,chris-garner-1
garnebi02,bill-garnett-1
garneke01,
garnema01,marlon-garnett-1
garreca01,
garrede01,dean-garrett-1
garredi02,diante-garrett-1
garredi01,
garrero01,
garrito01,tom-garrick-1
garrijo01,john-garris-1
garriki01,kiwane-garris-1
garripa01,pat-garrity-1
garviji01,
gasolma01,
gasolpa01,
gatesfr01,
gatlich01,chris-gatling-1
gattike01,kenny-gattison-1
gayru01,rudy-gay-1
gaydaed01,
gazean01,andrew-gaze-1
gbinimi01,michael-gbinije-1
gearyre01,reggie-geary-1
geeal01,alonzo-gee-1
geigema01,matt-geiger-1
gelabmi01,
georgde01,
georgja01,
georgpa01,paul-george-1
georgta01,tate-george-1
georgma01,marcus-georges-hunt-1
gerargu01,gus-gerard-1
gervide01,derrick-gervin-1
gervige01,
getchgo01,
gianejo01,john-gianelli-1
gibbsdi01,
gibsoda01,daniel-gibson-1
gibsode01,
gibsoho01,
gibsojo01,jonathan-gibson-1
gibsome01,
gibsomi01,
gibsota01,taj-gibson-1
giddejr01,jr-giddens-1
gildetr01,trey-gilder-1
gilled01,eddie-gill-1
gillke01,kendall-gill-1
gillebe01,ben-gillery-1
gilleja01,
gillege01,
gilliar01,
gillihe01,
gilmoar01,artis-gilmore-1
gilmowa01,
gilmuch01,
ginobma01,
giricgo01,
givenja01,jack-givens-1
gladnmi01,mickell-gladness-1
glamage01,
glassge01,gerald-glass-1
glennmi01,mike-glenn-1
glickno01,
gloucge01,
glovecl01,
glovedi01,dion-glover-1
glynian01,
gminsmi01,mike-gminski-1
goberru01,
godfrda01,dan-godfread-1
golato01,
goldfbe01,
goldwan01,anthony-goldwire-1
gomesry01,ryan-gomes-1
gondrgl01,glen-gondrezick-1
gondrgr01,grant-gondrezick-1
goodedr01,drew-gooden-1
goodrga01,gail-goodrich-1
goodrst01,steve-goodrich-1
goodwar01,archie-goodwin-1
goodwpo01,
gordoaa01,aaron-gordon-1
gordobe01,ben-gordon-1
gordodr01,drew-gordon-1
gordoer01,eric-gordon-1
gordola01,lancaster-gordon-1
gordopa01,
gortama01,
gottlle01,
goudean01,andrew-goudelock-1
govange01,
govedba01,
grabojo01,
graceri01,ricky-grace-1
grahaca01,
grahagr01,greg-graham-1
grahajo01,joey-graham-1
grahama01,
grahaor01,
grahapa01,paul-graham-1
grahast01,stephen-graham-1
grahatr01,treveon-graham-1
grandji01,jim-grandholm-1
grandro01,ron-grandison-1
grangda01,danny-granger-1
grangst01,stewart-granger-1
grantbr01,brian-grant-1
grantbu01,harrybud-grant-1
grantga01,gary-grant-1
grantgr01,
grantha01,harvey-grant-1
grantho01,horace-grant-1
grantje01,jerami-grant-1
grantje02,jerian-grant-1
grantjo01,josh-grant-1
grantpa01,paul-grant-1
granttr01,
gratedo01,
gravebu01,butch-graves-1
grayaa01,aaron-gray-1
grayde01,devin-gray-1
grayed01,ed-gray-1
grayev01,evric-gray-1
grayga01,
grayle01,
grayst01,stuart-gray-1
graysy01,sylvester-gray-1
graywy01,
grayeje01,jeff-grayer-1
greacbo01,
greenac01,ac-green-1
greenda02,danny-green-1
greende01,devin-green-1
greendr01,draymond-green-1
greener01,erick-green-1
greenge01,
greenja01,jamychal-green-1
greenje02,jeff-green-1
greenjo01,
greenke01,
greenke02,kenny-green-1
greenla01,
greenli01,litterial-green-1
greenlu01,
greenmi01,mike-green-1
greenri01,rickey-green-1
greense01,sean-green-1
greensi01,
greensi02,sidney-green-1
greenst01,
greenta01,taurean-green-1
greento01,
greenwi01,willie-green-1
greendo01,donte-greene-1
greenor01,
greenje01,
greenda01,dave-greenwood-1
greerha01,hal-greer-1
greerly01,lynn-greer-1
gregoga01,
gregocl01,claude-gregory-1
greigjo01,john-greig-1
grekino01,
greveke01,kevin-grevey-1
greyde01,
griffad01,adrian-griffin-1
griffbl01,blake-griffin-1
griffed01,eddie-griffin-1
griffgr01,
griffpa01,paul-griffin-1
griffta01,taylor-griffin-1
griffda01,darrell-griffith-1
grigsch01,
grimmde01,derek-grimm-1
grimswo01,
groatdi01,dick-groat-1
grossbo01,bob-gross-1
grossmi01,
groteje01,
grozaal01,
grubadi01,
grundan01,anthony-grundy-1
grunfer01,ernie-grunfeld-1
guarige01,
gudmupe01,petur-gudmundsson-1
gueriri01,richie-guerin-1
guglito01,tom-gugliotta-1
guibean01,
guidija01,
gunthco01,
gunthda01,
guokaal01,
guokama01,
guokama02,
gutiejo01,jorge-gutierrez-1
guytoaj01,aj-guyton-1
hackeru01,
haddaha01,
hadnoji01,
haffnsc01,scott-haffner-1
hagancl01,cliff-hagan-1
hagangl01,glenn-hagan-1
haganto01,
hahnro01,
hairsal01,
hairsha01,
hairsli01,
hairsma01,malik-hairston-1
hairspj02,pj-hairston-1
haislma01,marcus-haislip-1
halbech01,
halbrsw01,
halebr01,
haleha01,
haleyja01,jack-haley-1
halimsh01,
hallmi01,mike-hall-1
hallije01,
hamda01,darvin-ham-1
hamerst01,steve-hamer-1
hamilda01,
hamilde01,
hamiljo01,
hamiljo02,jordan-hamilton-2
hamilju01,justin-hamilton-2
hamilra01,
hamilri01,richard-hamilton-1
hamilro01,roy-hamilton-1
hamilst01,steve-hamilton-2
hamilta01,tang-hamilton-1
hamilth01,
hamilze01,zendon-hamilton-1
hammige01,geert-hammink-1
hammoju01,
hammoto01,tom-hammonds-1
hammoaj01,aj-hammons-1
hamoojo01,
hancoda01,darrin-hancock-1
handlbe01,ben-handlogten-1
hankice01,
hankiph01,
hannual01,alex-hannum-1
hanrado01,
hansro01,
hansbbe01,ben-hansbrough-1
hansbty01,tyler-hansbrough-1
hansebo01,bob-hansen-1
hansegl01,
hansela01,
hansetr01,travis-hansen-1
hansore01,reggie-hanson-1
hanzlbi01,bill-hanzlik-1
haranlu01,luke-harangody-1
hardaan01,anfernee-hardaway-1
hardati01,tim-hardaway-1
hardati02,tim-hardaway-jr-1
hardeja01,james-harden-1
hardire01,
hardnch01,
hardyal01,alan-hardy-1
hardyda01,
hardyja01,james-hardy-1
hargeir01,
hargijo01,
harklma01,maurice-harkless-1
harknje01,
harlisk01,
harmoje01,jerome-harmon-1
harpede01,derek-harper-1
harpeju01,justin-harper-1
harpemi01,
harpero01,ron-harper-1
harprma01,matt-harpring-1
harremo01,montrezl-harrell-1
harrejo01,josh-harrellson-1
harriad01,adam-harrington-1
harrial01,
harriju01,
harriot01,othella-harrington-1
harriar01,
harribe01,
harribi01,billy-harris-2
harribo01,
harrich01,
harride01,devin-harris-1
harriel01,elias-harris-1
harriga01,gary-harris-1
harrijo01,joe-harris--1
harrilu01,lucious-harris-1
harrima01,manny-harris-1
harrimi01,mike-harris-1
harrist01,steve-harris-1
harrite01,terrel-harris-1
harrito02,tobias-harris-1
harrito01,tony-harris-1
harriaa01,aaron-harrison-1
harrian01,andrew-harrison-1
harribo02,
harrida01,david-harrison-1
hartja01,jason-hart-1
harvean01,
harvedo01,donnell-harvey-1
haskisc01,scott-haskin-1
haskicl01,
hasleud01,udonis-haslem-1
hassetr01,trenton-hassell-1
hassebi01,
hassejo01,joe-hassett-1
hastisc01,scott-hastings-1
hastoki01,kirk-haston-1
hattove01,
havlijo01,john-havlicek-1
hawessp01,spencer-hawes-1
hawesst01,steve-hawes-1
hawkico01,
hawkihe01,hersey-hawkins-1
hawkiju01,juaquin-hawkins-1
hawkima01,
hawkimi01,michael-hawkins-1
hawkiro01,
hawkito01,
hawthna01,
hayesch01,chuck-hayes-1
hayesel01,elvin-hayes-1
hayesja01,jarvis-hayes-1
hayesji01,
hayesst01,steve-hayes-1
haywago01,gordon-hayward-1
haywala01,lazar-hayward-1
haywobr01,brendan-haywood-1
haywosp01,spencer-haywood-1
hazenjo01,
abdulma01,
headlu01,luther-head-1
healsh01,
heanebr01,
heardga01,gar-heard-1
heddehe01,
heggsal01,alvin-heggs-1
heinsto01,tom-heinsohn-1
hemridi01,
hendeal01,alan-henderson-1
hendece01,cedric-henderson-1
hendece02,cedric-henderson-2
hendeda01,dave-henderson-1
hendege01,gerald-henderson-1
hendege02,gerald-henderson-2
hendejr01,jr-henderson-1
hendeje01,jerome-henderson-1
hendeke01,kevin-henderson-1
hendeto01,tom-henderson-1
hendrma01,mark-hendrickson-1
hennela01,
henrido01,
henryal01,
henrybi01,
henryca01,carl-henry-1
henryco01,conner-henry-1
henrysk01,skeeter-henry-1
henryxa01,xavier-henry-1
hensojo01,john-henson-1
hensost01,steve-henson-1
hentzch01,
hermabi01,
hermskl01,
hernaju01,
hernawi01,
herrech01,chris-herren-1
herreca01,carl-herrera-1
herrmwa01,
herroke01,keith-herron-1
hertzso01,
hesteda01,
hetzefr01,
hewitbi01,
hewsoja01,
heymaar01,
hezonma01,
hibbero01,roy-hibbert-1
hickena01,
hicksph01,
hicksjj01,jj-hickson-1
hieldbu01,buddy-hield-1
higgibi01,
higgico01,cory-higgins-1
higgiea01,
higgimi01,
higgiro01,rod-higgins-1
higgise01,sean-higgins-1
higgske01,kenny-higgs-1
highjo01,johnny-high-1
hightwa01,
hilarne01,
hillar01,armond-hill-1
hillcl01,
hillga01,
hillge01,george-hill-1
hillgr01,grant-hill-1
hilljo01,jordan-hill-1
hillsi01,
hillso01,solomon-hill-1
hillst01,steven-hill-1
hillty01,tyrone-hill-1
hillhar01,
hillida01,darrun-hilliard-1
hillmda01,
hiltofr01,
hinriki01,kirk-hinrich-1
hinsoro01,roy-hinson-1
hirscme01,
hitchle01,
hitero01,robert-hite-1
hobsoda01,darington-hobson-1
hodgedo01,donald-hodge-1
hodgeju01,julius-hodge-1
hodgecr01,craig-hodges-1
hoefech01,
hoffmpa01,
hogsebo01,
hoguedu01,
hoibefr01,fred-hoiberg-1
holcodo01,
holcora01,randy-holcomb-1
holidjr01,jrue-holiday-1
holidju01,justin-holiday-1
hollabr01,brad-holland-1
hollajo01,
hollawi01,
hollili01,lionel-hollins-1
holliry01,ryan-hollins-1
hollies01,
holliro01,rondae-hollis-jefferson-1
holmade01,
holmeri01,richaun-holmes-1
holstji01,
holtaw01,
holtomi01,mike-holton-1
holubdi01,
holupjo01,
holzmre01,
honeyje01,jerald-honeycutt-1
honeyty01,tyler-honeycutt-1
hoodde01,derek-hood-1
hoodro01,rodney-hood-1
hoopebo01,
hooseca01,
hooveto01,
hopkibo01,
hoppeda01,dave-hoppen-1
hopsode01,dennis-hopson-1
hopsosc01,scotty-hopson-1
horanjo01,
hordgce01,cedrick-hordges-1
horfoal01,al-horford-1
horfoti01,tito-horford-1
hornro01,
hornaje01,jeff-hornacek-1
hornede01,dennis-horner-1
horryro01,robert-horry-1
hortoed01,ed-horton-1
hoskebi01,
houbrbo01,
houseda01,danuel-house-1
houseed01,eddie-house-1
houstal01,allan-houston-1
houstby01,byron-houston-1
hovasto01,tom-hovasse-1
howarbr01,brian-howard-1
howardw01,
howargr01,
howarjo01,josh-howard-1
howarju01,juwan-howard-1
howarmo01,
howarot01,
howarst01,stephen-howard-1
howelba01,bailey-howell-1
hubbabo01,
hubbaph01,phil-hubbard-1
hudsole01,lester-hudson-1
hudsolo01,lou-hudson-1
hudsotr01,troy-hudson-1
huertma01,
huestjo01,josh-huestis-1
huffmna01,nate-huffman-1
hugheri01,rick-hughes-1
hugheed01,eddie-hughes-1
hugheki01,kim-hughes-1
hughela01,larry-hughes-1
hugheri02,rick-hughes-1
hummero01,robbie-hummel-1
hummejo01,
humphry01,ryan-humphrey-1
humphja01,jay-humphries-1
humphkr01,kris-humphries-1
hundlho01,
huntebr01,brandon-hunter-1
huntece01,cedric-hunter-1
huntech01,chris-hunter-1
huntele01,
hunteli01,lindsey-hunter-1
hunteot01,othello-hunter-1
hunterj01,rj-hunter-1
huntest01,steven-hunter-1
hurlebo01,bobby-hurley-1
hurlero01,
hustoge01,geoff-huston-1
hustopa01,
hutchme01,
huttojo01,
hydergr01,
iavarma01,marc-iavaroni-1
ibakase01,
iguodan01,andre-iguodala-1
ilgauzy01,
ilicmi01,
mbengdj01,
ilyaser01,
imhofda01,
ingelto01,
inglejo01,
inglida01,
ingrabr01,brandon-ingram-1
ingramc01,
inniger01,
irvinby01,byron-irvin-1
irvinge01,
irvinky01,kyrie-irving-1
isselda01,dan-issel-1
iuzzomi01,mike-iuzzolino-1
iversal01,allen-iverson-1
iverswi01,
iveyro01,royal-ivey-1
ivoryel01,
jabalwa01,
jackja01,jarrett-jack-1
jacksal01,
jacksbo01,bobby-jackson-1
jacksce01,cedric-jackson-1
jacksda01,darnell-jackson-1
jacksde01,demetrius-jackson-2
jacksgr01,
jacksja01,jaren-jackson-1
jacksje01,
jacksji01,jim-jackson-1
jackslu01,
jackslu02,luke-jackson-1
jacksma02,marc-jackson-1
jacksma01,mark-jackson-1
jacksme01,
jacksmi02,michael-jackson-1
jacksmi01,
jacksmy01,
jacksph01,
jackspi01,pierre-jackson-1
jacksra01,ralph-jackson-1
jacksra02,randell-jackson-1
jacksre01,reggie-jackson-1
jacksst01,stanley-jackson-1
jacksst02,
jacksto01,
jacksto02,tony-jackson-1
jackstr01,tracy-jackson-1
jackswa01,
jacobfr01,
jacobca01,casey-jacobsen-1
jacobsa01,sam-jacobson-1
jamerda01,dave-jamerson-1
jamesaa01,
jamesbe01,bernard-james--1
jamesbi01,
jamesda01,damion-james-1
jamesge01,
jameshe01,
jamesje01,jerome-james-1
jamesle01,
jamesmi01,mike-james-1
jamesti01,tim-james-1
jamisan01,antawn-jamison-1
jamisha01,harold-jamison-1
janisjo01,
janotho01,
jaricma01,
jarosto01,
jarviji01,
jasiksa01,sarunas-jasikevicius-1
jawaina01,
jeannbu01,
jeelaab01,
jeffech01,chris-jefferies-1
jeffeot01,othyus-jeffers-1
jeffeal01,
jeffeco01,cory-jefferson-1
jeffedo01,dontell-jefferson-1
jefferi01,richard-jefferson-1
jeffrja01,jared-jeffries-1
jenkich01,charles-jenkins-1
jenkiho01,
jenkijo01,john-jenkins-1
jennibr01,
jennike01,keith-jennings-1
jentch01,chris-jent-1
jepsele01,les-jepsen-1
jerebjo01,
jerregr01,grant-jerrett-1
jetereu01,pooh-jeter-1
jeterha01,
jianlyi01,
johnsbr01,britton-johnsen-1
johnsal01,alexander-johnson-1
johnsam01,
johnsan01,
johnsan02,
johnsar02,armon-johnson-1
johnsar01,
johnsav01,avery-johnson-1
johnsbr02,brice-johnson-1
johnsbu01,buck-johnson-1
johnsca01,carldell-johnson-1
johnsch01,
johnsch02,cheese-johnson-1
johnsch03,chris-johnson-2
johnsch04,chris-johnson-1
johnscl02,clay-johnson-1
johnscl01,
johnsda02,darryl-johnson-1
johnsda01,dave-johnson-1
johnsde02,demarco-johnson-1
johnsde01,dennis-johnson-1
johnsde03,dermarr-johnson-1
johnsed01,
johnsed02,eddie-johnson-1
johnsed03,eddie-johnson-2
johnser01,eric-johnson-1
johnser02,ervin-johnson-1
johnsfr01,frank-johnson-1
johnsge01,
johnsge02,
johnsge03,george-johnson-1
johnsgu01,gus-johnson-1
johnsha01,
johnsiv01,ivan-johnson-1
johnsja02,jajuan-johnson-1
johnsja01,james-johnson-2
johnsjo02,joe-johnson-1
johnsjo01,john-johnson-1
johnska01,kannard-johnson-1
johnske01,ken-johnson-1
johnske03,ken-johnson-2
johnske02,kevin-johnson-1
johnsla01,
johnsla02,larry-johnson-1
johnsle01,
johnsli01,linton-johnson-1
johnsma02,magic-johnson-1
johnsma01,marques-johnson-1
johnsmi01,
johnsne02,
johnsni01,nick-johnson-1
johnsol01,ollie-johnson-1
johnsor01,orlando-johnson-1
johnsra01,
johnsre01,reggie-johnson-1
johnsri01,
johnsro01,
johnsst04,stanley-johnson-1
johnsst02,steffond-johnson-1
johnsst03,steve-johnson-2
johnsst01,
johnstr01,trey-johnson-1
johnsty01,tyler-johnson-2
johnsvi01,vinnie-johnson-1
johnswe01,wes-johnson-1
johnsda03,darius-johnson-odom-1
johnsna01,
johnsne01,neil-johnston-1
johnsji01,jim-johnstone-1
jokicni01,
jolifho01,
jonesal01,alvin-jones-1
jonesan01,anthony-jones-1
jonesas01,askia-jones-1
jonesbi01,bill-jones-1
jonesbo01,bobby-jones-1
jonesbo02,bobby-jones-2
jonesca01,
jonesch01,
jonesch02,charles-jones-1
jonesch03,charles-jones-2
jonesco01,
jonesda02,dahntay-jones-1
jonesda03,damian-jones-1
jonesda01,damon-jones-1
jonesde01,dequan-jones-1
jonesde02,derrick-jonesjr-1
jonesdo02,dominique-jones-1
jonesdo01,dontae-jones-1
jonesdw02,dwayne-jones-1
jonesdw01,dwight-jones-1
jonesea01,
jonesed02,eddie-jones-1
jonesed01,edgar-jones-1
jonesfr01,fred-jones-1
joneshu01,hutch-jones-1
jonesja01,
jonesja02,james-jones-1
jonesji01,
jonesjo01,
jonesju01,jumaine-jones-1
joneskc01,kc-jones-1
joneske01,kevin-jones-5
jonesla01,
jonesma01,
jonesma02,mark-jones-1
jonesma03,mark-jones-2
jonesni01,
jonesoz01,ozell-jones-1
jonespe01,perry-jones-1
jonespo01,popeye-jones-1
jonesri01,
jonesro01,
jonessa01,
jonessh01,shelton-jones-1
jonesso01,solomon-jones-1
jonesst01,
joneste01,terrence-jones-1
jonesty01,tyus-jones-1
joneswa01,
joneswa02,
joneswi02,
joneswi01,
jordaad01,adonis-jordan-1
jordach01,
jordade01,deandre-jordan-1
jordaed01,eddie-jordan-1
jordaje01,jerome-jordan-1
jordami01,michael-jordan-1
jordare01,reggie-jordan-1
jordath01,thomas-jordan-1
jordawa01,walter-jordan-1
jordoph01,
jorgejo01,
jorgeno01,
jorgero01,
josepco01,cory-joseph-1
josepga01,
josepkr01,kris-joseph-1
josepyv01,yvon-joseph-1
joyceke01,
joynebu01,
judkije01,jeff-judkins-1
kachawh01,
kaftage01,
kalafed01,
kamanch01,chris-kaman-1
kaminfr01,frank-kaminsky-1
kanteen01,
kaplora01,
kaponja01,jason-kapono-1
kappeto01,
karasse01,
karlco01,coby-karl-1
karlge01,
kasided01,
kasunma01,
katkale01,
kauffbo01,
kaunsa01,sasha-kaun-1
kautzwi01,
keacl01,clarence-kea-1
kearnmi01,
kearnto01,
keefead01,adam-keefe-1
keeliha01,harold-keeling-1
kellebi01,
kellega01,
kelleke01,
kelleri01,rich-kelley-1
kellocl01,clark-kellogg-1
kellyar01,
kellyje01,
kellyry01,ryan-kelly-3
kellyto01,
kelsegr01,greg-kelser-1
kelsobe01,
kempsh01,
kemptti01,tim-kempton-1
kendrfr01,
kennedj01,dj-kennedy-1
kennego01,
kennejo01,
kennepi01,
kenonla01,larry-kenon-1
kenvibi01,
kernejo01,jonathan-kerner-1
kerrre01,red-kerr-1
kerrst01,steve-kerr-1
kerrija01,
kerseje01,
kerwito01,
kesslal01,alec-kessler-1
ketnela01,lari-ketner-1
keyeju01,
keysra01,randolph-keys-1
khryavi01,
kiddja01,jason-kidd-1
kiddwa01,warren-kidd-1
kiddgmi01,michael-kidd-gilchrist-1
kiffiir01,
kileyja01,
killuea01,
kilpaca01,carl-kilpatrick-1
kilpase01,sean-kilpatrick-1
kimbato01,
kimblbo01,bo-kimble-1
kimbrst01,stan-kimbrough-1
kinchch01,chad-kinch-1
kingal01,albert-king-1
kingbe01,bernard-king-1
kingch01,chris-king-1
kingda01,
kingfr01,frankie-king-1
kingge01,
kingge02,
kingji01,
kingji02,jimmy-king-1
kinglo01,
kingma01,
kingre01,reggie-king-1
kingri01,rich-king-1
kingro01,
kingst01,stacey-king-1
kingto01,
kinnebo01,
kinseta01,tarence-kinsey-1
kirilan01,
kirkal01,alex-kirk-2
kirkwa01,
kirklwi01,
kissaji01,
kistldo01,
kitchcu01,curtis-kitchen-1
kitegr01,greg-kite-1
kittlke01,kerry-kittles-1
kleinjo01,joe-kleine-1
kleizli01,linas-kleiza-1
klierle01,
klotzhe01,
kluehdu01,
kluttlo01,
knighbi01,billy-knight-1
knighbo01,
knighbr02,brandin-knight-1
knighbr03,brandon-knight-1
knighbr01,brevin-knight-1
knighne01,negele-knight-1
knighro01,
knighto01,toby-knight-1
knightr01,travis-knight-1
knorele01,
knostdi01,
knowlro01,
kofoeba01,
kojisdo01,
komenmi01,
komivho01,
koncajo01,jon-koncak-1
kondlto01,
koperbu01,
kopicjo01,
kornefr01,frank-kornet-1
korolya01,
korveky01,kyle-korver-1
koskito01,
kosmale01,
kostean01,
kottmha01,
koufoko01,kosta-koufos-1
kozelto01,
kozliro01,
kramear01,
krameba01,
kramejo01,joel-kramer-1
kramest01,
krausda01,
krauthe01,
kravtvi01,
krebsji01,
kreklwa01,wayne-kreklow-1
kronto01,
kroppto01,
krstine01,
krystla01,larry-krystkowiak-1
kuberst01,
kubiale01,
kuczebr01,bruce-kuczenski-1
kudelfr01,
kuestjo01,john-kuester-1
kukara01,
kukocto01,
kunneke01,kevin-kunnert-1
kunzete01,
kupchmi01,mitch-kupchak-1
kupeccj01,
kurzro01,rob-kurz-1
kutluib01,
kuzmiog01,
kuzmimi01,
labissk01,skal-labissiere-1
lacefre01,
laceyed01,
laceysa01,sam-lacey-1
lackebo01,
lacoufr01,
ladnewe01,
laettch01,christian-laettner-1
lafayol01,oliver-lafayette-1
lafrera01,raef-lafrentz-1
lagarto01,tom-lagarde-1
laimbbi01,bill-laimbeer-1
lalicpe01,
lamarbo01,
lambdo01,doron-lamb-1
lambje01,jeremy-lamb-1
lambejo01,john-lambert-1
lampje01,jeff-lamp-1
lampema01,
lamplji01,
lamplse01,sean-lampley-1
landrca01,carl-landry-1
landrma01,marcus-landry-1
landsma01,mark-landsberger-1
laneje01,jerome-lane-1
langan01,andrew-lang-1
langan02,antonio-lang-1
langja01,
langdtr01,trajan-langdon-1
langfke01,keith-langford-1
langhda01,dan-langhi-1
laniebo01,bob-lanier-1
lantzst01,
laproni01,
laresyo01,
larkish01,shane-larkin-1
larueru01,rusty-larue-1
larusru01,
laskojo01,
lasmest01,stephane-lasme-1
lattida01,
laudepr01,
laureri01,
lauriha01,
lautewa01,
lauvejo01,
lavelto01,
lavinza01,zach-lavine-1
lavoybo01,
lawac01,acie-law-1
lawalga01,gani-lawal-1
lawreed01,edmund-lawrence-1
lawsoja01,jason-lawson-1
lawsoty01,ty-lawson-1
laymaja01,jake-layman-1
laytomo01,
leaksma01,
learha01,
leaveal01,
leboje01,jeff-lebo-1
leckner01,eric-leckner-1
ledori01,
leebu01,butch-lee-1
leecl01,
leeco01,courtney-lee-1
leeda01,
leeda02,david-lee-1
leedi01,
leedo01,doug-lee-1
leege01,
leegr01,
leeke01,keith-lee-1
leeku01,kurk-lee-1
leema01,malcolm-lee-1
leero02,rock-lee-1
leero01,ron-lee-1
leeru01,
leedeed01,
lefkoha01,
legleti01,tim-legler-1
lehmage01,
lenal01,alex-len-1
lenarvo01,voshon-lenard-1
lentzle01,
leonaga01,gary-leonard-1
leonaka01,kawhi-leonard-1
leoname01,meyers-leonard-1
leonasl01,
lesji01,jim-les-1
leslitr01,travis-leslie-1
lestero01,ronnie-lester-1
lettcl01,clifford-lett-1
leuerjo01,jon-leuer-1
levanan01,
leverfa01,fat-lever-1
leverca01,caris-levert-1
levincl01,cliff-levingston-1
lewisbo01,
lewisce01,cedric-lewis-1
lewisfr01,
lewisfr02,
lewisgr01,
lewisma01,
lewismi01,
lewisqu01,quincy-lewis-1
lewisra01,ralph-lewis-1
lewisra02,
lewisre01,reggie-lewis-1
liberma01,marcus-liberty-1
lichtto01,todd-lichti-1
lieboba01,
liggide01,deandre-liggins-1
ligonbi01,
ligongo01,
lillada01,damian-lillard-1
linje01,jeremy-lin-1
lingest01,
listeal01,alton-lister-1
littlsa01,
littlge01,
livinra01,randy-livingston-1
livinsh01,
livinro01,
llamaho01,
lloydbo01,
lloydch01,
lloydea01,
lloydle01,lewis-lloyd-1
lloydsc01,scott-lloyd-1
lochmri01,
lochmbo01,
lockro01,rob-lock-1
lockhda01,darrell-lockhart-1
lockhia01,ian-lockhart-1
loderke01,
lofgrdo01,
loganhe01,
loganjo01,
lohaubr01,brad-lohaus-1
longar01,art-long-1
longgr01,grant-long-1
longjo01,
longpa01,
longsh01,shawn-long-1
longwi01,
longllu01,luc-longley-1
looneke01,kevon-looney-1
lopezbr01,brook-lopez-1
lopezfe01,felipe-lopez-1
lopezra01,
lopezro01,robin-lopez-1
lorthry01,ryan-lorthridge-1
loscuji01,
lottpl01,
loughke01,kevin-loughery-1
lovebo01,
loveke01,kevin-love-1
lovest01,
lovelcl01,
lowesi01,sidney-lowe-1
lowerch01,
lowryky01,kyle-lowry-1
lucasal01,
lucasje01,jerry-lucas-1
lucasjo01,john-lucas-1
lucaska01,kalin-lucas-1
lucasma01,maurice-lucas-1
lucasjo02,john-lucas-2
luckete01,
luety01,tyronn-lue-1
luisiji01,
lujacal01,
lumpkph01,
lumppra01,
luwawti01,
lylestr01,trey-lyles-1
lynamrb01,
lynchge01,george-lynch-1
lynchke01,kevin-lynch-1
lynnlo01,
lynnmi01,
macalmi01,
macaued01,ed-macauley-1
maccuto01,todd-macculloch-1
macgiro01,
machasc01,scott-machado-1
macijar01,
mackol01,ollie-mack-1
macksa01,sam-mack-1
macksh01,shelvin-mack-1
mackema01,malcolm-mackey-1
macklru01,rudy-macklin-1
macklve01,vernon-macklin-1
macknjo01,
macledo01,don-maclean-1
maconma01,mark-macon-1
macyky01,kyle-macy-1
maddoja01,
maddoti01,tito-maddox-1
madkige01,gerald-madkins-1
madsema01,mark-madsen-1
magerno01,
maggeco01,corey-maggette-1
magleda01,dave-magley-1
magloja01,jamaal-magloire-1
mahafra01,
mahinia01,
mahnkjo01,
mahonbr01,
mahonmo01,
mahorri01,
majerda01,dan-majerle-1
majorre01,renaldo-major-1
makerth01,
malamli01,
malonje01,jeff-malone-1
malonka01,karl-malone-1
malonmo01,
malonma01,matt-maloney-1
malovst01,steve-malovic-1
maloymi01,
manakte01,
mandijo01,
mangifr01,
mannida01,danny-manning-1
mannied01,
mannigu01,
manniri01,rich-manning-1
mannipa01,pace-mannion-1
mantini01,
maravpe01,pete-maravich-1
maravpr01,
marblde01,roy-devyn-marble-1
marblro01,roy-marble-1
marbust01,stephon-marbury-1
marcisa01,
mariasa01,
marinja01,
mariosh01,shawn-marion-1
marjabo01,
markoda01,
marksse01,sean-marks-1
marlaha01,
marshji01,
marshri01,
marshdo02,donny-marshall-1
marshdo01,donyell-marshall-1
marshke01,kendall-marshall-1
marshra01,rawle-marshall-1
marshto01,
marshve01,
martibi01,bill-martin-1
martibo01,bob-martin-1
martibr01,brian-martin-1
martica01,cartier-martin-1
marticu01,cuonzo-martin-1
martida01,darrick-martin-1
martidi01,
martido01,
martife01,
martija01,jarell-martin-1
martije01,jeff-martin-1
martike01,kenyon-martin-1
martike02,kevin-martin-1
martila01,
martima01,maurice-martin-1
martiph01,
martisl01,slater-martin-1
martiwh01,
mashbja01,jamal-mashburn-1
masinal01,
masonan01,anthony-mason-1
masonde01,desmond-mason-1
masonro01,roger-mason-1
masseto01,tony-massenburg-1
masted01,
mathijo01,
matthwe01,wes-matthews-1
matthwe02,wesley-matthews-1
maughar01,
maxeyma01,marlon-maxey-1
maxieja01,jason-maxiell-1
maxwece01,cedric-maxwell-1
maxweve01,vernon-maxwell-1
maydo01,
maysc01,scott-may-1
mayse01,sean-may-1
maybele01,lee-mayberry-1
mayescl01,
mayesth01,tharon-mayes-1
mayfibi01,bill-mayfield-1
mayfike01,
maynoer01,eric-maynor-1
mayooj01,oj-mayo-1
maystr01,travis-mays-1
mazzama01,
mbahalu01,luc-richard-mbah-a-moute-1
mcadobo01,bob-mcadoo-1
mcadoja01,james-michael-mcadoo-1
mcbrike01,
mccalra01,ray-mccallum-2
mccanbo01,
mccanbr01,
mccanme01,mel-mccants-1
mccanra01,rashad-mccants-1
mccarmi01,
mccaran01,andre-mccarter-1
mccarwi01,
mccarjo01,
mccarho01,
mccarke01,kelly-mccarty-1
mccarwa01,walter-mccarty-1
mccasam01,amal-mccaskill-1
mccawpa01,patrick-mccaw-1
mccladw01,dwayne-mcclain-1
mcclate01,
mcclesh01,sheldon-mcclellan-1
mcclida01,dan-mcclintock-1
mccloja01,jack-mccloskey-1
mccloge01,george-mccloud-1
mccolcj01,cj-mccollum-1
mcconjo01,
mcconbu01,
mccontj01,tj-mcconnell-1
mccorke01,keith-mccord-1
mccorti01,tim-mccormick-1
mccoyje01,jelani-mccoy-1
mccrapa01,
mccrach01,chris-mccray-1
mccraro01,rodney-mccray-1
mccrasc01,scooter-mccray-1
mcculch01,chris-mccullough-1
mcculjo01,john-mccullough-1
mcdancl01,clint-mcdaniel-1
mcdanxa01,xavier-mcdaniel-1
mcdanji01,
mcdankj01,kj-mcdaniels-1
mcderdo01,doug-mcdermott-1
mcdonbe01,ben-mcdonald-1
mcdongl01,
mcdonmi01,michael-mcdonald-1
mcdonro01,
mcdowha01,hank-mcdowell-1
mcdyean01,antonio-mcdyess-1
mcelrji01,jim-mcelroy-1
mcfarpa01,
mcfariv01,ivan-mcfarlin-1
mcgahme01,
mcgarmi01,mitch-mcgary-1
mcgeeja01,javale-mcgee-1
mcgeemi01,mike-mcgee-1
mcgilbi01,
mcginge01,george-mcginnis-1
mcglojo01,
mcgratr01,
mcgregi01,
mcgriel01,
mcgruro01,rodney-mcgruder-1
mcguial01,
mcguial02,
mcguidi01,dick-mcguire-1
mcguido01,dominic-mcguire-1
mchalke01,kevin-mchale-1
mcharma01,
mcilvji01,jim-mcilvaine-1
mcinnje01,jeff-mcinnis-1
mcintke01,
mcintbo01,
mckeeje01,
mckenke01,kevin-mckenna-1
mckenfo01,forrest-mckenzie-1
mckenst01,
mckeyde01,derrick-mckey-1
mckieaa01,aaron-mckie-1
mckinbi01,billy-mckinney-1
mckinbo01,
mckinca01,carlton-mckinney-1
mclembe01,ben-mclemore-1
mclemmc01,
mcleoge01,
mcleoke01,keith-mcleod-1
mcleoro01,roshown-mcleod-1
mcmahja01,
mcmilna01,nate-mcmillan-1
mcmilto01,tom-mcmillen-1
mcmilji01,
mcmilsh01,
mcmulma01,
mcnabch01,
mcnamma01,mark-mcnamara-1
mcnamjo01,
mcneaje01,jerel-mcneal-1
mcneach01,
mcneibo01,
mcneila01,
mcnulca01,
mcphepa01,paul-mcpherson-1
mcpipro01,
mcqueco01,cozell-mcqueen-1
mcraejo01,jordan-mcrae-1
mcreyth01,
mcrobjo01,josh-mcroberts-1
mcwiler01,
mearnge01,
medvest01,
meeda01,darnell-mee-1
meeksjo01,jodie-meeks-1
meelycl01,
meentsc01,scott-meents-1
mehendi01,
meinemo01,
meinhca01,
mejrisa01,
mekelga01,gal-mekel-1
melchbi01,
melchga01,
melofa01,fab-melo-1
melvied01,
meminde01,
mencech01,
mengejo01,john-mengelt-1
menkeke01,
mensapo01,pops-mensah-bonsu-1
menyade01,
mercero01,ron-mercer-1
meriwjo01,joe-meriweather-1
meriwpo01,
meschto01,
meyerbi01,
meyerlo01,loren-meyer-1
meyerda01,dave-meyers-1
miasest01,
michela01,larry-micheaux-1
mickejo01,jordan-mickey-1
middlkh01,khris-middleton-1
mihalre01,
mihmch01,chris-mihm-1
mikaned01,
mikange01,george-mikan-1
mikanla01,
mikkeve01,
miksial01,
milesaa01,aaron-miles-1
milescj01,
milesda01,
milesed01,
milicma01,
milicda01,
militna01,
millean02,andre-miller-1
millean01,anthony-miller-1
millebi01,
millebo01,bob-miller-1
millebr01,brad-miller-1
milleda01,darius-miller-1
milledi01,dick-miller-1
milleed01,
milleha01,
milleja01,
millela01,
millemi01,mike-miller-1
milleol01,oliver-miller-1
millequ01,quincy-miller-1
millere01,reggie-miller-1
millewa01,
millsch01,chris-mills-1
millsjo01,
millspa02,patrick-mills-1
millste01,terry-mills-1
millsel01,elijah-millsap-1
millspa01,paul-millsap-1
minerha01,harold-miner-1
mingya01,
minnidi01,dirk-minniefield-1
minorda01,
minorgr01,greg-minor-1
minorma01,
mirotni01,
misakwa01,
miskija01,
mitchle01,
mitchmi01,mike-mitchell-1
mitchmu01,
mitchsa01,sam-mitchell-1
mitchto01,todd-mitchell-1
mitchto03,tony-mitchell-3
mitchto02,tony-mitchell-4
mixst01,steve-mix-1
mlkvybi01,
moblecu01,cuttino-mobley-1
mobleer01,eric-mobley-1
moedo01,doug-moe-1
moffela01,
mogusle01,
mohamna01,nazr-mohammed-1
moisoje01,jerome-moiso-1
mokespa01,paul-mokeski-1
molinja01,
moliswa01,
moncrsi01,sidney-moncrief-1
moneyer01,eric-money-1
moniase01,
monroea01,
monrogr01,greg-monroe-1
monroro01,rodney-monroe-1
montelu01,
montgho01,
montrer01,eric-montross-1
moonja01,
mooneji01,
moorean01,andre-moore-1
mooreet01,etwaun-moore-1
moorege01,
mooreja01,
moorejo01,johnny-moore-1
moorela01,
moorelo01,lowes-moore-1
mooremi01,mikki-moore-1
mooreot01,
mooreri01,
moorero01,
mooretr01,tracy-moore-1
moreler01,eric-moreland-1
morelja01,
morgagu01,guy-morgan-1
morgare01,
morgeel01,
mornida01,darren-morningstar-1
morrich01,chris-morris-1
morrida01,darius-morris-1
morriis01,isaiah-morris-1
morrima03,marcus-morris-1
morrima02,markieff-morris-1
morrima01,
morrira01,randolph-morris-1
morrite01,terence-morris-1
morriad01,adam-morrison-1
morrijo01,
morrimi01,mike-morrison-1
morrire01,
morroan01,anthony-morrow-1
mortodw01,dwayne-morton-1
mortojo01,john-morton-1
mortori01,richard-morton-1
moslegl01,
mosspe01,perry-moss-1
motenla01,lawrence-moten-1
motiedo01,
mottoha01,hanno-mottola-1
moultar01,arnett-moultrie-1
mountri01,rick-mount-1
mournal01,alonzo-mourning-1
mozgoti01,
mrazoch01,
mudiaem01,
mueller01,
muhamsh01,shabazz-muhammad-1
mullajo01,
mullebo01,
mulleby01,bj-mullens-1
mullich01,chris-mullin-1
mullije01,
mundtto01,
munfoxa02,xavier-munford-1
munkch01,chris-munk-1
munroge01,
murdoer01,eric-murdock-1
muresgh01,
murphal01,
murphca01,calvin-murphy-1
murphdi01,
murpher01,erik-murphy-1
murphja01,jay-murphy-1
murphjo01,
murphke01,kevin-murphy-1
murphro01,ronnie-murphy-1
murphto01,tod-murphy-1
murphtr01,troy-murphy-1
murrade01,dejounte-murray-1
murraja01,jamal-murray-1
murrake01,
murrala01,lamond-murray-1
murraro01,
murratr01,tracy-murray-1
murrewi01,
murredo01,
murryto01,toure-murry-1
muscami01,mike-muscala-1
musian01,
mustaje01,jerrod-mustaf-1
mutomdi01,dikembe-mutombo-1
muursma01,
myerspe01,pete-myers-1
ndiayha01,hamady-ndiaye-1
ndiayma01,makhtar-ndiaye-1
ndiayma02,mamadou-ndiaye-1
ndongbo01,
naberbo01,
nachabo01,
nachbbo01,
nagelje01,
nagyfr01,
nailole01,lee-nailon-1
najered01,eduardo-najera-1
nancela01,larry-nance-1
nancela02,larry-nance-2
napiesh01,shabazz-napier-1
napolpa01,
nashbo01,
nashco01,cotton-nash-1
nashst01,steve-nash-1
natersw01,swen-nater-1
nathaho01,howard-nathan-1
nattca01,
nattke01,
naullwi01,
navarju01,
ndourma01,maurice-ndour-1
nealcr01,craig-neal-1
nealga01,gary-neal-1
nealji01,
nealll01,
nealyed01,ed-nealy-1
nedovne01,
negraal01,
nelsoba01,
nelsode01,demarcus-nelson-1
nelsodo01,don-nelson-1
nelsoja01,jameer-nelson-1
nelsolo01,
nelsoro01,
nembhru01,ruben-nembhard-1
nemeldi01,
nesbyty01,tyrone-nesby-1
nesslma01,martin-nessley-1
nestera01,
netora01,
netolbo01,
neumajo01,
neumapa01,
nevitch01,chuck-nevitt-1
newbeme01,melvin-newbern-1
newbiiv01,ivano-newbill-1
newblir01,ira-newble-1
newlimi01,mike-newlin-1
newmajo01,johnny-newman-1
newmada01,
newtobi01,
niangge01,georges-niang-1
nichode01,demetris-nichols-1
nichoja01,
nichoan01,andrew-nicholson-1
nickega01,
nicksca01,carl-nicks-1
niemari01,
niemiri01,
nilesmi01,mike-niles-1
nimphku01,kurt-nimphius-1
nixdy01,dyron-nix-1
nixonno01,norm-nixon-1
noahjo01,joakim-noah-1
noblech01,
nocioan01,
noelda01,david-noel-1
noelne01,nerlens-noel-1
noelpa01,
noguelu01,
nolanji01,
nolenpa01,
nordgje01,
nordmbe01,
norlajo01,
normaco01,
normake01,ken-norman-1
norriau01,audie-norris-1
norrimo01,
norrisy01,sylvester-norris-1
norwowi01,
nostrge01,
noszkst01,
novakmi01,
novakst01,steve-novak-1
nowelme01,
nowitdi01,
nunnaja01,james-nunnally-1
nurkiju01,
nuttde01,dennis-nutt-1
nwabada01,david-nwaba-1
nwosuju01,julius-nwosu-1
obannch01,charles-obannon-1
obanned01,ed-obannon-1
oboyljo01,
obriebo01,
obriejj01,
obrieji02,
obrieji01,
obriera01,
obryajo01,johnny-obryant-1
obryapa01,patrick-obryant-1
oconnde01,
odonnan01,
ogradbu01,
ohanlfr01,
okeefdi01,
okeefto01,
okoremi01,mike-okoren-1
omallgr01,
onealje01,
onealsh01,shaquille-oneal-1
oneilmi01,
oquinky01,kyle-oquinn-1
osheake01,
oshiega01,
osullda01,dan-osullivan-1
oaklech01,
obertfa01,
ochefda01,daniel-ochefu-1
odengr01,greg-oden-1
odomla01,lamar-odom-1
ogdenbu01,
ogdenra01,
oggal01,alan-ogg-1
ohldo01,
ohlbrti01,
okafoem01,emeka-okafor-1
okafoja01,jahlil-okafor-1
okurme01,
oladivi01,victor-oladipo-1
olajuha01,hakeem-olajuwon-1
olberma01,mark-olberding-1
oldhaja01,jawann-oldham-1
oldhajo01,
oleynfr01,
olivejo01,john-olive-1
olivebr01,brian-oliver-1
olivede01,dean-oliver-1
oliveji01,jimmy-oliver-1
ollieke01,kevin-ollie-1
ollrige01,
olowomi01,michael-olowokandi-1
olsenbu01,
olynyke01,kelly-olynyk-1
onuakar01,arinze-onuaku-1
onuakch01,chinanu-onuaku-1
ormsba01,
orrjo01,johnny-orr-1
orrlo01,louis-orr-1
ortizjo01,jose-ortiz-1
ortonda01,daniel-orton-1
osborch01,
osterwa01,
ostergr01,greg-ostertag-1
othicma01,matt-othick-1
ottendo01,
ottenma01,
oubreke01,kelly-oubre-1
outlabo01,bo-outlaw-1
outlatr01,
overtcl01,
overtdo01,doug-overton-1
owensan01,andre-owens-1
owensbi01,billy-owens-1
owensch01,chris-owens-1
owensed01,
owensji01,
owenske01,keith-owens-1
owensla01,larry-owens-1
owensre01,
owensto01,tom-owens-1
owesra01,ray-owes-1
oyedeol01,
pacejo01,
pachuza01,
packro01,robert-pack-1
packwa01,
paddige01,gerald-paddio-1
padgesc01,scott-padgett-1
pagetda01,
painefr01,
palacmi01,milt-palacio-1
palazto01,
palmebu01,
palmeer01,
palmeji01,
palmewa01,walter-palmer-1
pankoan01,
papagge01,
papanko01,
pargoja01,jannero-pargo-1
pargoje01,jeremy-pargo-1
parhaea01,
parisro01,robert-parish-1
parkme01,
parkean01,anthony-parker-1
parkeja01,jabari-parker-1
parkesm01,smush-parker-1
parkeso01,sonny-parker-1
parketo01,
parkhba01,
parkija01,
parksch01,
parksch02,cherokee-parks-1
parksri01,
parrja01,
parrado01,
parslch01,
parsoch01,chandler-parsons-1
paspaza01,
passama01,
pastuge01,
patrimy01,myles-patrick-1
patrist01,
pattean01,andrae-patterson-1
pattege01,
pattela01,lamar-patterson-1
pattepa01,patrick-patterson-1
patteru01,ruben-patterson-1
pattest01,
patteto01,
pattewo01,
paulch01,chris-paul-1
paulkch01,
paulsje01,
paultbi01,billy-paultz-1
pavloal01,
paxsoji01,jim-paxson-2
paxsoji02,jim-paxson-1
paxsojo01,john-paxson-1
payakjo01,
paynead01,adreian-payne-1
payneca01,cameron-payne-1
payneke01,kenny-payne-1
payneto01,
paytoel01,elfrid-payton-1
paytoga01,gary-payton-1
paytoga02,gary-payton-2
paytome01,
pearcge01,
pearche01,
pecheol01,
peckwi01,wiley-peck-1
peekri01,
peelean01,anthony-peeler-1
peeplge01,
pekovni01,
pelkija01,
pellosa01,
penbemi01,
pendeje01,
penigde01,desmond-penigar-1
penneki01,kirk-penney-1
peplomi01,mike-peplowski-1
perduwi01,will-perdue-1
perkike01,
perkisa01,sam-perkins-1
perkiwa01,
perovko01,
perryau01,
perrycu01,
perryel01,elliot-perry-1
perryro01,
perryti01,tim-perry-1
persoch01,chuck-person-1
persowe01,wesley-person-1
peterji01,jim-petersen-1
peterlo01,
peterbo01,
petered01,
peterme01,
petermo01,morris-peterson-1
petrige01,
petrojo01,
petrodr01,
petruri01,richard-petruska-1
pettibo01,bob-pettit-1
pettwje01,
pheglro01,roger-phegley-1
phelaja01,
phelaja02,
phelpde01,derrick-phelps-1
phelpmi01,michael-phelps-1
phillan01,
philled01,eddie-phillips-1
phillga01,
phillge01,
phillbo01,
piatker01,eric-piatkowski-1
piatkwa01,
piercpa01,paul-pierce-1
piercri01,ricky-pierce-1
pietkst01,stan-pietkiewicz-1
pietrmi01,
pilchjo01,
pincked01,ed-pinckney-1
pinknke01,kevinn-pinkney-1
pinonjo01,john-pinone-1
piontda01,
piotrto01,tom-piotrowski-1
pippesc01,
pittmch01,charles-pittman-1
pittmde01,dexter-pittman-1
planizo01,
pleisti01,
plumlma02,marshall-plumlee-1
plumlma01,mason-plumlee-1
plumlmi01,miles-plumlee-1
plummga01,gary-plummer-1
podkopa01,
poeltja01,jakob-poeltl-1
poleedw01,dwayne-polee-1
pollaji01,jim-pollard-1
pollasc01,scot-pollard-1
polsora01,
polynol01,olden-polynice-1
pondecl01,
pondequ01,quincy-pondexter-1
popeda01,
popema01,mark-pope-1
popsoda01,dave-popson-1
poquebe01,ben-poquette-1
portech01,chris-porter-1
porteho01,
porteke01,kevin-porter-1
porteot01,otto-porter-1
portete01,
portewi01,
portibo01,bobby-portis-1
portmbo01,
porzikr01,
poseyja01,james-posey-1
postela01,lavor-postell-1
postljo01,
potapvi01,vitaly-potapenko-1
powele01,leon-powe-1
powelci01,
poweldw01,dwight-powell-1
poweljo01,josh-powell-1
powelka01,kasib-powell-1
powelno01,norman-powell-1
powelro01,roger-powell-1
poythal01,alex-poythress-1
praddma01,
prattmi01,
presspa01,paul-pressey-1
pressph01,phil-pressey-1
pressdo01,dominic-pressley-1
pressha01,harold-pressley-1
previst01,
priceaj01,aj-price-1
pricebr01,brent-price-1
priceji01,
pricema01,mark-price-1
pricemi01,
pricero01,ronnie-price-1
priceto01,tony-price-1
priddbo01,
prigipa01,
princta01,tayshaun-prince-1
pritcjo01,
pritcke01,kevin-pritchard-1
profila01,laron-profit-1
pruitga01,gabe-pruitt-1
przybjo01,joel-przybilla-1
pughle01,
pughro01,
pullaan01,anthony-pullard-1
putnado01,
quartti01,tim-quarterman-1
quickbo01,
quinnch01,chris-quinn-1
quinnbr01,brian-quinnett-1
rackllu01,
raderho01,
radfoma01,mark-radford-1
radfowa01,
radjadi01,
radmavl01,
radojal01,
radovfr01,
radovmo01,
radulmi01,
radzira01,
ragelra01,
raikesh01,
rainsed01,ed-rains-1
rakocig01,
rambiku01,kurt-rambis-1
ramospe01,
ramseca01,
ramsefr01,
ramsera01,
randama01,mark-randall-1
randlch01,chasson-randle-1
randlju01,julius-randle-1
randoan01,anthony-randolph-1
randosh01,shavlik-randolph-1
randoza01,zach-randolph-1
rankwa01,
ranseke01,kelvin-ransey-1
ranzisa01,
rascobo01,
rasmubl01,blair-rasmussen-1
ratkoge01,
ratleed01,
ratlimi01,
ratlith01,theo-ratliff-1
rautian01,andy-rautins-1
rautile01,leo-rautins-1
rayal01,allan-ray-1
raycl01,clifford-ray-1
raydo01,
rayja01,james-ray-1
rayji01,
raylji01,
raymocr01,
reaco01,
reavejo01,
rebraze01,
recasel01,eldridge-recasner-1
reddmi01,michael-redd-1
reddofr01,
redicjj01,jj-redick-1
redmoma01,marlon-redmond-1
reedhu01,
reedju01,justin-reed-1
reedro01,ron-reed-2
reedwi02,willie-reed-1
reedwi01,
reevebr01,bryant-reeves-1
reevekh01,khalid-reeves-1
reganri01,
rehfedo01,
reidbi01,billy-reid-1
reiddo01,don-reid-1
reidjr01,jr-reid-1
reidji01,
reidro01,
reidry01,
reineja01,jared-reiner-1
reisech01,
rellfri01,richard-rellford-1
renchte01,terrence-rencher-1
rennijo01,
rensbro01,
rentzef01,
respesh01,shawn-respert-1
restake01,kevin-restani-1
reynoge01,
reynoje01,jerry-reynolds-1
rhineke01,
rhodege01,
rhodero01,rodrick-rhodes-1
ricegl01,glen-rice-1
ricegl02,glen-rice-jr-1
richach01,chris-richard-1
richacl01,clint-richardson-1
richaja01,jason-richardson-1
richaje01,
richajo01,josh-richardson-2
richama01,malachi-richardson-1
richami01,micheal-ray-richardson-1
richano01,norm-richardson-1
richapo01,pooh-richardson-1
richaqu01,quentin-richardson-1
richmmi01,mitch-richmond-1
richtjo01,
rickedi01,dick-ricketts-2
rideris01,isaiah-rider-1
ridglja01,
ridnolu01,luke-ridnour-1
riebeme01,
riedybo01,
riffeji01,
rigauan01,
rikerto01,
rileybo01,
rileyer01,eric-riley-1
rileypa01,pat-riley-1
rileyro01,
rinalri01,
riordmi01,
risenar01,
rittete01,
rivasra01,ramon-rivas-1
riverau01,austin-rivers-1
riverda01,david-rivers-1
riverdo01,doc-rivers-1
robbile01,
robbire01,
roberan03,andre-roberson-1
roberan02,anthony-roberson-1
roberri01,
roberte01,terrance-roberson-1
roberan01,anthony-roberts-1
roberbi01,
roberbr01,brian-roberts-1
roberfr01,fred-roberts-1
roberjo01,
roberla01,lawrence-roberts-1
roberma01,
roberst01,stanley-roberts-1
roberal01,alvin-robertson-1
roberos01,oscar-robertson-1
roberry01,ryan-robertson-1
roberto01,
robeyri01,rick-robey-1
robinbe01,bernard-robinson-1
robinch01,chris-robinson-1
robincl01,cliff-robinson-1
robincl02,clifford-robinson-1
robinda01,david-robinson-1
robined01,
robinfl01,
robingl01,glenn-robinson-1
robingl02,glenn-robinson-2
robinja01,jackie-robinson-1
robinja03,jamal-robinson-1
robinja02,james-robinson-1
robinla01,larry-robinson-1
robinna01,nate-robinson-1
robinol01,oliver-robinson-1
robinro01,
robinru01,rumeal-robinson-1
robinsa01,
robinth01,thomas-robinson-2
robintr01,
robinwa01,wayne-robinson-1
robinwi01,
robinbi01,bill-robinzine-1
robisda01,dave-robisch-1
rochare01,
rochejo01,john-roche-1
rockge01,
rockeja01,
rodgegu01,guy-rodgers-1
rodmade01,
rodrise01,
roelo01,lou-roe-1
rogerca01,carlos-rogers-1
rogerha01,
rogerjo01,johnny-rogers-1
rogerma01,
rogerro01,rodney-rogers-1
rogerro02,roy-rogers-1
rogerwi01,
rogesal01,
rohloke01,
rollike01,
rolliph01,
rollitr01,tree-rollins-1
romarlo01,lorenzo-romar-1
rondora01,rajon-rondo-1
rookje01,
rooksse01,sean-rooks-1
rosede01,derrick-rose-1
roseja01,jalen-rose-1
rosema01,malik-rose-1
rosero01,
rosenpe01,
rosenle01,
rosenha01,
rosendi01,
rossqu01,quinton-ross-1
rosste01,terrence-ross-1
rothdo01,doug-roth-1
rothsc01,scott-roth-1
rotheir01,
rottnmi01,
roundda01,dan-roundfield-1
rouxgi01,
rowanro01,ron-rowan-1
rowecu01,
rowinji01,jim-rowinski-1
rowlade01,
rowsobr01,brian-rowsom-1
roybr01,brandon-roy-1
royaldo01,donald-royal-1
royalre01,
royerbo01,
roziecl01,clifford-rozier-1
roziete01,terry-rozier-1
rubiori01,
ruckegu01,guy-rucker-1
ruddde01,delaney-rudd-1
ruddjo01,
rudezda01,
rudomjo01,
ruffimi01,michael-ruffin-1
ruffitr01,trevor-ruffin-1
ruffnpa01,
ruklijo01,
rulanje01,jeff-ruland-1
rulebo01,
rulloje01,
ruscost01,
rushbr01,brandon-rush-1
rushka01,kareem-rush-1
russebi01,bill-russell-1
russebr01,bryon-russell-1
russeca02,campy-russell-1
russeca01,
russeda01,dangelo-russell-1
russefr01,
russepi01,
russeru01,
russewa01,walker-russell-1
russewa02,walker-russell-2
sabonar01,
sabondo01,domantas-sabonis-1
sacrero01,robert-sacre-1
sadowed01,
sailoke01,
sallejo01,john-salley-1
salmojo01,john-salmons-1
salvaal01,
salvake01,kevin-salvadori-1
samakso01,
sambch01,
sampsja02,jakarr-sampson-1
sampsja01,jamal-sampson-1
sampsra01,ralph-sampson-1
samuesa01,samardo-samuels-1
sanchpe01,pepe-sanchez-1
sandeal01,
sandefr01,
sandeje01,jeff-sanders-1
sandela01,larry-sanders-1
sandeme01,melvin-sanders-1
sandemi01,mike-sanders-1
sandeto01,
sanforo01,
santida01,
santibo01,
sapplwa01,wayne-sappleton-1
saricda01,
sasseja01,jason-sasser-1
sasseje01,jeryl-sasser-1
satorto01,
satteke01,kenny-satterfield-1
saulpe01,
sauldwo01,
saultgl01,
saundfr01,
savagdo01,
savovpr01,predrag-savovic-1
sawyeal01,
scalabr01,brian-scalabrine-1
scaleal01,alex-scales-1
scalede01,dewayne-scales-1
schadfr01,
schadbe01,
schaehe01,
schaebi01,
schafbo01,
scharbe01,
schatma01,
schaufr01,
schayda01,danny-schayes-1
schaydo01,
schecos01,
schefst01,steve-scheffler-1
schefto01,tom-scheffler-1
schelda01,
schenlu01,luke-schenscher-1
scherhe01,
schindw01,dwayne-schintzius-1
schluda01,
schneot01,
schnidi01,
schoeru01,
scholda01,
schoomi01,
schrede01,detlef-schrempf-1
schrode01,
schulho01,
schuldi01,
schurro01,
schwejo01,john-schweitz-1
scolalu01,
scolafr01,
scottal01,alvin-scott-1
scottbr01,brent-scott-1
scottby01,byron-scott-1
scottch01,charlie-scott-1
scottde01,dennis-scott-1
scottja01,james-scott-1
scottmi01,mike-scott-4
scottra01,
scottsh01,shawnelle-scott-1
scottwi01,
scranpa01,
scurrca01,carey-scurry-1
sealsbr01,
sealssh01,shea-seals-1
sealyma01,malik-sealy-1
searced01,
searske01,ken-sears-1
seewa01,
sefolth01,
seikaro01,rony-seikaly-1
selbogl01,
selbyjo01,josh-selby-1
seldewa01,wayne-selden-1
sellebr01,brad-sellers-1
selleph01,
seltzro01,
selvale01,
selvyfr01,
seminji01,
senesa01,
senesge01,
serapke01,
sesayan01,ansu-sesay-1
sessira01,ramon-sessions-1
seungha01,
sewelto01,tom-sewell-1
seymopa01,
shabani01,
shackly01,
shackch01,charles-shackleford-1
shaefca01,
shaffle01,
shakumu01,mustafa-shakur-1
shammgo01,god-shammgod-1
shannea01,
shannho01,
sharech01,
sharmbi01,bill-sharman-1
sharpwa01,walter-sharpe-1
shaskjo01,john-shasky-1
shavlro01,
shawbr01,brian-shaw-1
shawca01,casey-shaw-1
sheabo01,
shefffr01,
sheltcr01,craig-shelton-1
sheltlo01,lonnie-shelton-1
shengto01,
shephbi01,
sheppje01,jeffrey-sheppard-1
sheppst01,
sheroed01,ed-sherod-1
shippch01,
shirlpa01,paul-shirley-1
shortge01,
shortpu01,purvis-short-1
shousde01,dexter-shouse-1
shriddi01,
shuege01,gene-shue-1
shumajo01,john-shumate-1
shumpim01,iman-shumpert-1
shvedal01,
siakapa01,pascal-siakam-1
sibersa01,
siblema01,
sichtje01,jerry-sichting-1
sidledo01,
siegfla01,
siewera01,
sikmaja01,
silasja01,
silaspa01,paul-silas-1
silasxa01,xavier-silas-1
silerga01,
sillimi01,
simiewa01,wayne-simien-1
simmobo01,bobby-simmons-1
simmoce01,cedric-simmons-1
simmoco01,
simmogr01,
simmojo01,
simmojo02,jonathon-simmons-1
simmoli01,lionel-simmons-1
simonmi01,miles-simon-1
simonwa01,
simpkdi01,dickey-simpkins-1
simpsra01,ralph-simpson-1
simsal01,alvin-sims-1
simsbo01,
simsco01,courtney-sims-1
simsdo01,
simshe01,henry-sims-1
simssc01,
singlky01,kyle-singler-1
singlse01,sean-singletary-1
singlch01,chris-singleton-1
singlja01,james-singleton-1
singlmc01,mckinley-singleton-1
sinicze01,
sittoch01,charlie-sitton-1
sivape01,peyton-siva-1
skilesc01,scott-skiles-1
skinnal01,al-skinner-1
skinnbr01,brian-skinner-1
skinnta01,
skoogwh01,
sladeje01,
slatere01,reggie-slater-1
slaugji01,
slaugjo01,jose-slaughter-1
slayta01,tamar-slay-1
sloando01,donald-sloan-1
sloanje01,
slokaur01,
slubyto01,tom-sluby-1
smartke01,keith-smart-1
smartma01,marcus-smart-1
smawlbe01,
smileja01,
smithad01,
smithal01,
smithbi01,
smithbi02,bingo-smith-1
smithbo01,
smithch01,charles-smith-1
smithch02,charles-smith-2
smithch04,charles-smith-3
smithch03,chris-smith-1
smithch05,chris-smith-4
smithcl01,clinton-smith-1
smithcr01,craig-smith-1
smithde01,
smithde02,derek-smith-1
smithdo01,
smithdo02,
smithdo04,
smithdo03,doug-smith-1
smithed01,
smithel01,
smithga01,
smithgr01,
smithgr02,greg-smith-3
smithis01,ishmael-smith-1
smithjr01,
smithja01,jabari-smith-1
smithja02,jason-smith-1
smithje01,jerry-smith-1
smithji01,jim-smith-1
smithjo02,joe-smith-1
smithjo01,
smithjo03,
smithke03,keith-smith-2
smithke02,
smithke01,kenny-smith-1
smithla02,labradford-smith-1
smithla01,larry-smith-1
smithle01,
smithmi01,michael-smith-1
smithmi02,michael-smith-2
smithmi03,
smithno01,nolan-smith-1
smithot01,otis-smith-1
smithpe01,
smithph01,phil-smith-1
smithra01,
smithre01,reggie-smith-1
smithro01,robert-smith-1
smithru01,russ-smith-1
smithsa01,
smithsa02,sam-smith-1
smithst01,steve-smith-1
smithst03,steven-smith-1
smithst02,stevin-smith-1
smithth01,theron-smith-1
smithto02,tony-smith-1
smithwi01,
smithwi02,willie-smith-1
smitsri01,rik-smits-1
smrekmi01,mike-smrek-1
smythjo01,
snellto01,tony-snell-1
snower01,eric-snow-1
snydedi01,
snydeki01,kirk-snyder-1
sobekch01,
soberri01,ricky-sobers-1
sobiero01,
sojoumi01,
sojouwi01,
solomwi01,will-solomon-1
somerwi01,
songada01,darius-songaila-1
sorenda01,
southja01,james-southerland-1
sovragi01,
sowpa01,pape-sow-1
spainke01,
spanaji01,jim-spanarkel-1
spanova01,
sparkda01,
sparrgu01,
sparrro01,rory-sparrow-1
spearod01,
spectar01,
speigma01,marreese-speights-1
spencan01,andre-spencer-1
spencel01,elmore-spencer-1
spencfe01,felton-spencer-1
spicelo01,
spitzcr01,
splitti01,
spoelar01,
spragbr01,
sprewla01,latrell-sprewell-1
sprigla01,larry-spriggs-1
sprinji01,
spruiji01,
stackry01,ryan-stack-1
stackje01,jerry-stackhouse-1
stacoke01,kevin-stacom-1
stagger01,
stallbu01,
stallda01,
stanced01,
stanste01,terence-stansbury-1
starkjo01,john-starks-1
starrke01,
stausni01,nik-stauskas-1
stavela01,
steella01,larry-steele-1
steigma01,matt-steigenga-1
stepavl01,
stephdj01,dj-stephens-1
stephev01,everette-stephens-1
stephja01,
stephjo01,
stephla01,lance-stephenson-1
stephal01,alex-stepheson-1
steppbr01,brook-steppe-1
steveba01,barry-stevens-1
stevewa01,
stevede01,
stewade01,
stewake01,
stewala01,larry-stewart-1
stewami01,michael-stewart-1
stewano01,
stiemgr01,greg-stiemsma-1
stipast01,steve-stipanovich-1
stithbr01,bryant-stith-1
stithsa01,
stithto01,
stivral01,alex-stivrins-1
stockda01,david-stockton-1
stockjo01,john-stockton-1
stojape01,
stokeed01,ed-stokes-1
stokegr01,greg-stokes-1
stokeja01,jarnell-stokes-1
stokema01,
stolkar01,
stollra01,
stonedi01,diamond-stone-1
stonege01,
stoneju01,julyan-stone-1
storeaw01,awvee-storey-1
stoudda01,damon-stoudamire-1
stoudsa01,salim-stoudamire-1
stoudam01,
stovapa01,
strawdj01,dj-strawberry-1
strawjo01,
stricbi01,
stricer01,erick-strickland-1
stricma01,mark-strickland-1
stricro02,rod-strickland-1
stricro01,
stroejo01,john-stroeder-1
stronde01,derek-strong-1
strotla01,
stroujo01,john-stroud-1
stroure01,
stuckro01,rodney-stuckey-1
stumpge01,
stutzst01,
suitega01,
sullija01,jared-sullinger-1
summeda01,dajuan-summers-1
sumptba01,
sundedo01,
sundobr01,
sundvjo01,jon-sundvold-1
surabo01,bob-sura-1
surhodi01,
sutorge01,
suttlda01,dane-suttle-1
suttogr01,greg-sutton-1
swageke01,
swainbe01,
swansno01,
swartda01,
sweetmi01,mike-sweetney-1
swiftro01,
swiftsk01,
swiftst01,stromile-swift-1
swinsaa01,aaron-swinson-1
sypa01,
sydnobu01,
sykesla01,larry-sykes-1
szabobr01,
szczewa02,wally-szczerbiak-1
szczewa01,
tabakza01,
tabusyu01,
taftch01,chris-taft-1
tanensi01,
tarladr01,
tarplro01,roy-tarpley-1
tartle01,
tatumea01,earl-tatum-1
tavarwa01,
tayloan01,anthony-taylor-1
taylobr01,brian-taylor-1
taylodo01,
taylofa01,
taylofr01,
taylois01,isaiah-taylor-1
tayloja01,jay-taylor-1
tayloje01,jeff-taylor-1
tayloje03,jeffery-taylor-1
tayloje02,jermaine-taylor-1
taylojo01,
taylole01,leonard-taylor-1
tayloma01,maurice-taylor-1
taylomi01,mike-taylor-1
taylool01,
tayloro01,
tayloty01,tyshawn-taylor-1
taylovi01,vince-taylor-1
teaglte01,terry-teagle-1
teaguje01,jeff-teague-1
teaguma01,marquis-teague-1
teletmi01,
telfase01,
templco01,collis-temple-1
templga01,garrett-temple-1
terreir01,
terryca01,
terrych01,
terrycl01,
terryja01,jason-terry-1
thabeha01,hasheem-thabeet-1
thackto01,
thearfl01,
theusre01,reggie-theus-1
thibepe01,peter-thibeaux-1
thiebbi01,
thigpju01,
thirdda01,david-thirdkill-1
thomaad01,adonis-thomas-1
thomabi01,billy-thomas-1
thomaca01,carl-thomas-1
thomach01,charles-thomas-1
thomaet01,etan-thomas-1
thomair01,irving-thomas-1
thomais02,isaiah-thomas-1
thomais01,isiah-thomas-1
thomaja01,jamel-thomas-1
thomaja02,james-thomas-1
thomaji01,jim-thomas-1
thomajo01,
thomajo02,john-thomas-1
thomake01,kenny-thomas-1
thomaku01,kurt-thomas-1
thomala01,lance-thomas-1
thomama01,malcolm-thomas-2
thomaro01,
thomate01,
thomati01,tim-thomas-1
thomaty01,tyrus-thomas-1
thomawi01,
thomptr02,trey-thompkins-1
thompbe01,bernard-thompson-1
thompbi01,billy-thompson-1
thompbr01,brooks-thompson-1
thompco01,corny-thompson-1
thompda01,david-thompson-1
thompdi01,dijon-thompson-1
thompge01,
thompho01,hollis-thompson-1
thompja01,
thompja02,jason-thompson-1
thompjo01,
thompke01,kevin-thompson-1
thompkl01,klay-thompson-1
thompla01,lasalle-thompson-1
thompmy01,mychal-thompson-1
thompmy02,mychel-thompson-1
thomppa01,paul-thompson-1
thompst01,stephen-thompson-1
thomptr01,tristan-thompson-2
thoresk01,
thornro01,
thornal01,al-thornton-1
thornbo01,bob-thornton-1
thornda01,
thornma01,marcus-thornton-1
thorpot01,otis-thorpe-1
threase01,
thurmna01,nate-thurmond-1
thursme01,
tidriha01,
tiemada01,
tillida01,darren-tillis-1
tinglja01,
tinslge01,
tinslja01,jamaal-tinsley-1
tisdawa01,wayman-tisdale-1
tobeymi01,mike-tobey-1
todormi01,
tolbera01,ray-tolbert-1
tolbeto01,tom-tolbert-1
tollian01,anthony-tolliver-1
tolsode01,
tomjaru01,rudy-tomjanovich-1
toneyan01,
toneyse01,sedric-toney-1
tonkoan01,
toolsan01,andy-toolson-1
toomaja01,
toonebe01,bernard-toone-1
torgoir01,
tormobu01,
torreos01,
toshebi01,
toughbo01,
toupaax01,
towemo01,
towerke01,keith-tower-1
towerbl01,
towneli01,
townska01,karl-anthony-towns-1
townsra01,raymond-townsend-1
trappge01,
trappjo01,
traylro01,robert-traylor-1
trentga01,gary-trent-1
trepaje01,jeff-trepagnier-1
tresvjo01,
triptdi01,
tripuke01,kelly-tripucka-1
truitan01,
trybace01,
tsakaja01,
tschojo01,
tsiorlo01,
tskitni01,
tuckeal01,
tuckeal02,alando-tucker-1
tuckean01,anthony-tucker-1
tuckeji01,
tuckepj01,pj-tucker-1
tucketr01,trent-tucker-1
turiaro01,ronny-turiaf-1
turkcmi01,
turkohe01,
turnean01,andre-turner-1
turnebi01,
turneel01,elston-turner-1
turneev01,evan-turner-1
turnega01,
turnehe02,henry-turner-1
turnehe01,
turneja01,
turneja02,
turneje01,jeff-turner-1
turnejo01,
turnemy01,myles-turner-1
turnewa01,wayne-turner-1
turpime01,melvin-turpin-1
twardda01,
twymaja01,jack-twyman-1
tylerbj01,bj-tyler-1
tylerje01,
tylerte01,
tyrach01,
ubileed01,edwin-ubiles-1
udohek01,ekpe-udoh-1
udokaim01,ime-udoka-1
udrihbe01,
ukicro01,
ulisty01,tyler-ulis-1
unselwe01,wes-unseld-1
uplinha01,
upshake01,kelvin-upshaw-1
uthofja01,jarrod-uthoff-1
uzohbe01,ben-uzoh-1
vacenst01,
valanjo01,
valenda01,darnell-valentine-1
valende01,denzel-valentine-1
valenro01,ronnie-valentine-1
vallejo01,
vanardi01,
vanarto01,
vanbrbu01,
vanbrja01,jan-van-breda-kolff-1
vanexni01,nick-van-exel-1
vanhoke01,keith-van-horn-1
vanlino01,
vanzade01,
vancege01,
vandelo01,
vandeer01,
vandeki01,kiki-vandeweghe-1
vanosni01,nick-vanos-1
vanteda01,david-vanterpool-1
vanvlfr01,fred-van-vleet-1
vardara01,
varejan01,
varnaja01,jarvis-varnado-1
vasqugr01,greivis-vasquez-1
vaughch01,
vaughda01,
vaughda02,david-vaughn-1
vaughja01,jacque-vaughn-1
vaughra01,rashad-vaughn-1
vaughvi01,
vaughlo01,loy-vaught-1
vergabo01,
verhope01,pete-verhoeven-1
veselja01,
vetragu01,
viannjo01,
villach01,charlie-villanueva-1
vinceja01,jay-vincent-1
vincesa01,sam-vincent-1
vincima01,
vinsofr01,fred-vinson-1
virdecl01,
vocega01,gary-voce-1
volkefl01,
volkoal01,
vonniwh01,
vonleno01,noah-vonleh-1
voskuja01,jake-voskuhl-1
vraneda01,danny-vranes-1
vranesl01,
vrankst01,
vromabr01,brett-vroman-1
vromaja01,jackson-vroman-1
vucevni01,nikola-vucevic-1
vujacsa01,
wadedw01,dwyane-wade-1
wadema01,mark-wade-1
wafervo01,von-wafer-1
wagercl01,
wagneda02,dajuan-wagner-1
wagneda01,
wagnemi01,milt-wagner-1
wagneph01,
waitedi01,dion-waiters-1
waitegr01,granville-waiters-1
wakefan01,
walkne01,
walkean01,
walkean02,antoine-walker-1
walkebr01,
walkech01,chet-walker-1
walkeda01,darrell-walker-1
walkefo01,
walkebi01,bill-walker-1
walkeho01,
walkeji01,
walkeke02,kemba-walker-1
walkeke01,kenny-walker-1
walkeph01,
walkesa01,samaki-walker-1
walkewa01,wally-walker-1
walljo01,john-wall-1
wallabe01,
wallage01,gerald-wallace-1
wallajo01,john-wallace-1
wallara01,rasheed-wallace-1
wallare01,
walledw01,
walleja01,
princta02,taurean-prince-1
walshji01,
walshma01,matt-walsh-1
waltere01,rex-walters-1
walthpa01,
walthis01,
waltobi01,bill-walton-1
waltoll01,lloyd-walton-1
waltolu01,luke-walton-1
wanzebo01,
warbipe01,
wardch01,charlie-ward-1
wardge01,
wardhe01,
wareca01,casper-ware-1
wareji01,
warlebe01,
warlibo01,
warneco01,
warrebo01,
warrejo01,
warretj01,tj-warren-1
warrewi01,willie-warren-1
warribr01,bryan-warrick-1
warriha01,hakim-warrick-1
washbch01,chris-washburn-1
washibo01,
washida01,darius-washington-1
washido01,
washidu01,duane-washington-1
washier01,eric-washington-1
washiji01,
washike01,kermit-washington-1
washipe01,pearl-washington-1
washiri01,richard-washington-1
washist01,
washitr01,
washiwi01,
watkida01,darryl-watkins-1
watsobo01,
watsocj01,cj-watson-1
watsoea01,earl-watson-1
watsoja01,jamie-watson-1
wattsro01,
wattssa01,
wattssl01,
waynsma01,maalik-wayns-1
wearda01,david-wear-1
weartr01,travis-wear-1
weathcl01,clarence-weatherspoon-1
weathni01,nick-weatherspoon-1
weaveky01,kyle-weaver-1
webbje01,
webbma01,marcus-webb-1
webbsp01,spud-webb-1
webbech01,chris-webber-1
weberbr01,briante-weber-1
weberja01,
webstel01,
webstje01,jeff-webster-1
webstma02,
webstma01,
wedmasc01,scott-wedman-1
weemsso01,sonny-weems-1
wehrdi01,
weidnbr01,brant-weidner-1
weissbo01,
weitzri01,
wellsbo01,bonzi-wells-1
wellsbu01,bubba-wells-1
wellsow01,
wellsra01,
welpch01,chris-welp-1
welscji01,
wennibi01,bill-wennington-1
wenstma01,matt-wenstrom-1
werdaro01,robert-werdann-1
wertira01,
wesleda01,david-wesley-1
weslewa01,
westda01,david-west-1
westde01,delonte-west-1
westdo01,doug-west-1
westje01,jerry-west-1
westma02,mario-west-1
westma01,mark-west-1
westro01,
westbde01,
westbru01,russell-westbrook-1
westppa01,paul-westphal-1
wetzejo01,
whalero01,
whatlen01,ennis-whatley-1
wheatde01,dejuan-wheat-1
wheelcl01,
wheelty01,tyson-wheeler-1
whitask01,
whitedj01,dj-white-1
whiteer01,eric-white-1
whitehe01,
whitehu01,
whiteja01,jahidi-white-1
whiteja02,james-white-1
whitejo01,jo-jo-white-1
whiteok01,okaro-white-1
whitera01,randy-white-1
whitero02,rodney-white-1
whitero01,rory-white-1
whitero03,royce-white-1
whiteru01,rudy-white-1
whiteto01,tony-white-1
whitewi01,
whiteis01,isaiah-whitehead-1
whiteje01,jerome-whitehead-1
whitedo01,donald-whiteside-1
whiteha01,hassan-whiteside-1
whitfdw01,dwayne-whitfield-1
whitnch01,chris-whitney-1
whitnha01,
whitnha02,hawkeye-whitney-1
whittsh01,shayne-whittington-1
wickssi01,sidney-wicks-1
widbyro01,
wiermu01,
wiesebo01,
wiggian01,andrew-wiggins-1
wiggimi01,mitchell-wiggins-1
wilbuke01,
wilcocj01,cj-wilcox-1
wilcoch01,chris-wilcox-1
wilcudc01,
wileyge01,
wileymi01,michael-wiley-1
wileymo01,morlon-wiley-1
wilfowi01,
wilkele01,lenny-wilkens-1
wilkebo01,bob-wilkerson-1
wilkeja01,jamaal-wilkes-1
wilkeja02,james-wilkes-1
wilkida02,damien-wilkins-1
wilkido01,dominique-wilkins-1
wilkied01,
wilkige01,
wilkije01,jeff-wilkins-1
wilkida01,dale-wilkinson-1
wilksmi01,mike-wilks-1
williaa01,aaron-williams-1
willial01,
willial03,alan-williams-2
willial02,alvin-williams-1
williar01,
willibe01,
willibo01,
willibr01,brandon-williams-1
willibu01,buck-williams-1
willich01,
willich02,
willich03,
willicl01,
willico01,corey-williams-1
willide01,deron-williams-1
willide02,derrick-williams-2
willidu01,duck-williams-1
williea01,
williel01,elliot-williams-1
willier01,eric-williams-1
willifl01,
willifr02,frank-williams-1
willifr01,freeman-williams-1
willige01,
willigu01,gus-williams-1
willigu02,guy-williams-1
williha01,
willihe01,herb-williams-1
williho01,hot-rod-williams-1
willija02,jason-williams-1
willija04,jawad-williams-1
willija03,jay-williams-1
willija01,jayson-williams-1
willije01,jerome-williams-1
willijo02,john-williams-1
willijo03,jordan-williams-1
williju01,justin-williams-1
willike03,
willike01,kevin-williams-1
willilo01,lorenzo-williams-1
willilo02,
willima03,marcus-williams-1
willima04,marcus-williams-2.
willima02,marvin-williams-1
willimi02,micheal-williams-1
willimi03,mike-williams-1
willimi01,
willima01,mo-williams-1
willimo01,monty-williams-1
willina01,
willipe01,pete-williams-1
willira01,ray-williams-1
willire01,reggie-williams-1
willire02,reggie-williams-3
williri01,rickey-williams-1
williro02,rob-williams-1
williro01,
willisa01,
willisa02,sam-williams-2
willisc01,scott-williams-1
willise01,sean-williams-1
willish01,shammond-williams-1
willish03,shawne-williams-1
willish02,shelden-williams-1
willisl01,sly-williams-1
willite01,terrence-williams-1
willitr01,travis-williams-1
willitr02,troy-williams-2
williwa02,walt-williams-1
williwa01,
williwi01,
willico02,corliss-williamson-1
willijo01,john-williamson-1
williva01,
willike02,kevin-willis-1
willobi01,
willode01,dedric-willoughby-1
wilsobo01,
wilsobo02,
wilsobo03,
wilsobu01,bubba-wilson-1
wilsoge01,
wilsois01,
wilsoja01,
wilsoji01,
wilsomi01,michael-wilson-1
wilsoni01,nikita-wilson-1
wilsoot01,othell-wilson-1
wilsori01,rick-wilson-1
wilsori02,
wilsost01,
wilsotr01,trevor-wilson-1
wiltjky01,kyle-wiltjer-1
winchke01,
windito01,
windsjo01,
winfile01,
wingada01,david-wingate-1
wingfdo01,dontonio-wingfield-1
wingoha01,
winklma01,
winslju01,justise-winslow-1
winslri01,rickie-winslow-1
wintetr01,trevor-winter-1
wintebr01,brian-winters-1
wintevo01,voise-winters-1
wisesk01,
wisewi01,
witheje01,jeff-withey-1
wittelu01,
wittmgr01,
wittmra01,randy-wittman-1
wittsga01,garry-witts-1
wohlda01,
wolfjo01,joe-wolf-1
wolkoru01,
woltena01,nate-wolters-1
woodal01,al-wood-1
woodbo01,
woodch01,christian-wood-1
woodda01,david-wood-1
woodho01,howard-wood-1
woodle01,leon-wood-1
woodslo01,loren-woods-1
woodsqy01,
woodsra01,randy-woods-1
woodsto01,
woodsmi01,mike-woodson-1
woollbo01,
woolror01,orlando-woolridge-1
workmha01,haywoode-workman-1
workmma01,
workmto01,
artesro01,ron-artest-1
worslwi01,
worthsa01,sam-worthen-1
worthja01,james-worthy-1
wrighan01,antoine-wright-1
wrighbr02,bracey-wright-1
wrighbr01,brad-wright-1
wrighbr03,brandan-wright-1
wrighch01,chris-wright-1
wrighch02,chris-wright-2
wrighde01,delon-wright-1
wrighdo01,
wrighho02,howard-wright-1
wrighho01,
wrighjo01,
wrighju01,julian-wright-1
wrighla01,
wrighle01,
wrighlo01,
wrighlo02,lorenzen-wright-1
wrighlu01,luther-wright-1
wrighsh01,sharone-wright-1
wroteto01,tony-wroten-1
wuycide01,
wyndeaj01,aj-wynder-1
yarbrvi01,vincent-yarbrough-1
yardlge01,george-yardley-1
yatesba01,
yateswa01,
yelvech01,
yonakri01,rich-yonakor-1
youngda01,danny-young-1
youngja01,james-young-1
youngjo01,joseph-young-1
youngko01,
youngmi01,michael-young-1
youngni01,nick-young-1
youngpe01,perry-young-1
youngsa01,sam-young-1
youngth01,thaddeus-young-1
youngti01,
yuesu01,
zasloma01,max-zaslofsky-1
zawolze01,
zelleco01,cody-zeller-1
zelleda01,
zellega01,
zelleha01,
zellelu01,luke-zeller-1
zellety01,tyler-zeller-1
zenoto01,tony-zeno-1
zevenph01,phil-zevenbergen-1
zhizhwa01,
zidekge01,george-zidek-1
zimmede01,derrick-zimmerman-1
zimmest01,stephen-zimmermanjr-1
zipsepa01,
zoetji01,jim-zoet-1
zopfbi01,
zubaciv01,
zunicma01,
